产品ID,中文名,板块,品类,尺寸,小红书标题,正文(种草文案),话题标签
1394292,潘多拉YSL3162,slab,Pandora,1636×2181mm,别墅同款潘多拉｜一面墙封神,"终于等到这款潘多拉了！

做了很久背景墙功课，
看到这块潘多拉实景的瞬间，直接定下来。

—— 为什么选它 ——

✓ 一板到顶无缝拼接
✓ 耐高温防刮耐磨
✓ 天然纹理独一无二
✓ 抗污易清洁
✓ 不褪色抗UV

📐 规格：1636×2181mm
🏷️ 材质：烧结石 / 天然奢石

—— 适用场景 ——

▸ 客厅电视背景墙
▸ 沙发背景墙
▸ 餐厅背景墙
▸ 玄关背景
▸ 卫生间墙面
▸ 厨房台面

同款/其他花色可定制，
想要了解更多评论区扣「1」或私信～
",#潘多拉奢石 #奢石背景墙 #高级感装修 #侘寂风 #别墅装修 #烧结石材
1455101,潘多拉FL3128,slab,Pandora,2000×1500mm,被问疯了！潘多拉背景墙实景,"终于等到这款潘多拉了！

做了很久背景墙功课，
看到这块潘多拉实景的瞬间，直接定下来。

—— 为什么选它 ——

✓ 一板到顶无缝拼接
✓ 耐高温防刮耐磨
✓ 天然纹理独一无二
✓ 抗污易清洁
✓ 不褪色抗UV

📐 规格：2000×1500mm
🏷️ 材质：烧结石 / 天然奢石

—— 适用场景 ——

▸ 客厅电视背景墙
▸ 沙发背景墙
▸ 餐厅背景墙
▸ 玄关背景
▸ 卫生间墙面
▸ 厨房台面

同款/其他花色可定制，
想要了解更多评论区扣「1」或私信～
",#潘多拉奢石 #奢石背景墙 #高级感装修 #侘寂风 #别墅装修 #烧结石材
1405177,潘多拉FL124,slab,Pandora,2000×1500mm,别墅同款潘多拉｜一面墙封神,"终于等到这款潘多拉了！

做了很久背景墙功课，
看到这块潘多拉实景的瞬间，直接定下来。

—— 为什么选它 ——

✓ 一板到顶无缝拼接
✓ 耐高温防刮耐磨
✓ 天然纹理独一无二
✓ 抗污易清洁
✓ 不褪色抗UV

📐 规格：2000×1500mm
🏷️ 材质：烧结石 / 天然奢石

—— 适用场景 ——

▸ 客厅电视背景墙
▸ 沙发背景墙
▸ 餐厅背景墙
▸ 玄关背景
▸ 卫生间墙面
▸ 厨房台面

同款/其他花色可定制，
想要了解更多评论区扣「1」或私信～
",#潘多拉奢石 #奢石背景墙 #高级感装修 #侘寂风 #别墅装修 #烧结石材
1434540,潘多拉FL124,slab,Pandora,2000×1500mm,潘多拉奢石｜客厅电视背景墙高级感天花板,"终于等到这款潘多拉了！

做了很久背景墙功课，
看到这块潘多拉实景的瞬间，直接定下来。

—— 为什么选它 ——

✓ 一板到顶无缝拼接
✓ 耐高温防刮耐磨
✓ 天然纹理独一无二
✓ 抗污易清洁
✓ 不褪色抗UV

📐 规格：2000×1500mm
🏷️ 材质：烧结石 / 天然奢石

—— 适用场景 ——

▸ 客厅电视背景墙
▸ 沙发背景墙
▸ 餐厅背景墙
▸ 玄关背景
▸ 卫生间墙面
▸ 厨房台面

同款/其他花色可定制，
想要了解更多评论区扣「1」或私信～
",#潘多拉奢石 #奢石背景墙 #高级感装修 #侘寂风 #别墅装修 #烧结石材
1568940,潘多拉FL250703,slab,Pandora,2000×1500mm,潘多拉奢石｜客厅电视背景墙高级感天花板,"终于等到这款潘多拉了！

做了很久背景墙功课，
看到这块潘多拉实景的瞬间，直接定下来。

—— 为什么选它 ——

✓ 一板到顶无缝拼接
✓ 耐高温防刮耐磨
✓ 天然纹理独一无二
✓ 抗污易清洁
✓ 不褪色抗UV

📐 规格：2000×1500mm
🏷️ 材质：烧结石 / 天然奢石

—— 适用场景 ——

▸ 客厅电视背景墙
▸ 沙发背景墙
▸ 餐厅背景墙
▸ 玄关背景
▸ 卫生间墙面
▸ 厨房台面

同款/其他花色可定制，
想要了解更多评论区扣「1」或私信～
",#潘多拉奢石 #奢石背景墙 #高级感装修 #侘寂风 #别墅装修 #烧结石材
1391430,FL627 蓝翡翠,slab,Blue Emerald,2000×1500mm,蓝翡翠奢石｜客厅电视背景墙高级感天花板,"终于等到这款蓝翡翠了！

做了很久背景墙功课，
看到这块蓝翡翠实景的瞬间，直接定下来。

—— 为什么选它 ——

✓ 一板到顶无缝拼接
✓ 耐高温防刮耐磨
✓ 天然纹理独一无二
✓ 抗污易清洁
✓ 不褪色抗UV

📐 规格：2000×1500mm
🏷️ 材质：烧结石 / 天然奢石

—— 适用场景 ——

▸ 客厅电视背景墙
▸ 沙发背景墙
▸ 餐厅背景墙
▸ 玄关背景
▸ 卫生间墙面
▸ 厨房台面

同款/其他花色可定制，
想要了解更多评论区扣「1」或私信～
",#蓝翡翠 #奢石 #轻奢装修 #背景墙 #蓝色系装修 #别墅设计
1405236,蓝翡翠1600X900,furniture,Blue Emerald,2000×1500mm,被邻居追着问的蓝翡翠！,"终于等到这款蓝翡翠了！

为了客厅的高级感，
挑了好久终于入手这款蓝翡翠。

—— 为什么选它 ——

✓ 奢石台面 + 金属底座
✓ 一桌提升整个空间格调
✓ 耐磨耐高温不怕烫
✓ 专属定制独一无二
✓ 轻奢质感拉满

📐 规格：2000×1500mm
🏷️ 材质：烧结石 / 天然奢石

—— 适用场景 ——

▸ 客厅
▸ 餐厅
▸ 玄关
▸ 书房
▸ 茶室
▸ 吧台

同款/其他花色可定制，
想要了解更多评论区扣「1」或私信～
",#蓝翡翠 #奢石 #轻奢装修 #背景墙 #蓝色系装修 #别墅设计
1407109,蓝翡翠1400X800,furniture,Blue Emerald,2316×3088mm,蓝翡翠实拍｜高级感拿捏了,"终于等到这款蓝翡翠了！

为了客厅的高级感，
挑了好久终于入手这款蓝翡翠。

—— 为什么选它 ——

✓ 奢石台面 + 金属底座
✓ 一桌提升整个空间格调
✓ 耐磨耐高温不怕烫
✓ 专属定制独一无二
✓ 轻奢质感拉满

📐 规格：2316×3088mm
🏷️ 材质：烧结石 / 天然奢石

—— 适用场景 ——

▸ 客厅
▸ 餐厅
▸ 玄关
▸ 书房
▸ 茶室
▸ 吧台

同款/其他花色可定制，
想要了解更多评论区扣「1」或私信～
",#蓝翡翠 #奢石 #轻奢装修 #背景墙 #蓝色系装修 #别墅设计
1460968,FL09蓝翡翠,slab,Blue Emerald,2000×1500mm,蓝翡翠烧结石｜一板到顶无缝拼接,"终于等到这款蓝翡翠了！

做了很久背景墙功课，
看到这块蓝翡翠实景的瞬间，直接定下来。

—— 为什么选它 ——

✓ 一板到顶无缝拼接
✓ 耐高温防刮耐磨
✓ 天然纹理独一无二
✓ 抗污易清洁
✓ 不褪色抗UV

📐 规格：2000×1500mm
🏷️ 材质：烧结石 / 天然奢石

—— 适用场景 ——

▸ 客厅电视背景墙
▸ 沙发背景墙
▸ 餐厅背景墙
▸ 玄关背景
▸ 卫生间墙面
▸ 厨房台面

同款/其他花色可定制，
想要了解更多评论区扣「1」或私信～
",#蓝翡翠 #奢石 #轻奢装修 #背景墙 #蓝色系装修 #别墅设计
1434280,FL02蓝翡翠,slab,Blue Emerald,2000×1500mm,蓝翡翠奢石｜客厅电视背景墙高级感天花板,"终于等到这款蓝翡翠了！

做了很久背景墙功课，
看到这块蓝翡翠实景的瞬间，直接定下来。

—— 为什么选它 ——

✓ 一板到顶无缝拼接
✓ 耐高温防刮耐磨
✓ 天然纹理独一无二
✓ 抗污易清洁
✓ 不褪色抗UV

📐 规格：2000×1500mm
🏷️ 材质：烧结石 / 天然奢石

—— 适用场景 ——

▸ 客厅电视背景墙
▸ 沙发背景墙
▸ 餐厅背景墙
▸ 玄关背景
▸ 卫生间墙面
▸ 厨房台面

同款/其他花色可定制，
想要了解更多评论区扣「1」或私信～
",#蓝翡翠 #奢石 #轻奢装修 #背景墙 #蓝色系装修 #别墅设计
1391465,雪山兰6081,slab,Snow Mountain Orchid,2000×1500mm,雪山兰奢石｜客厅电视背景墙高级感天花板,"终于等到这款雪山兰了！

做了很久背景墙功课，
看到这块雪山兰实景的瞬间，直接定下来。

—— 为什么选它 ——

✓ 一板到顶无缝拼接
✓ 耐高温防刮耐磨
✓ 天然纹理独一无二
✓ 抗污易清洁
✓ 不褪色抗UV

📐 规格：2000×1500mm
🏷️ 材质：烧结石 / 天然奢石

—— 适用场景 ——

▸ 客厅电视背景墙
▸ 沙发背景墙
▸ 餐厅背景墙
▸ 玄关背景
▸ 卫生间墙面
▸ 厨房台面

同款/其他花色可定制，
想要了解更多评论区扣「1」或私信～
",#雪山兰 #奢石 #冷色调 #现代极简 #背景墙 #别墅设计
1434728,雪山兰6081,slab,Snow Mountain Orchid,2000×1500mm,雪山兰烧结石｜一板到顶无缝拼接,"终于等到这款雪山兰了！

做了很久背景墙功课，
看到这块雪山兰实景的瞬间，直接定下来。

—— 为什么选它 ——

✓ 一板到顶无缝拼接
✓ 耐高温防刮耐磨
✓ 天然纹理独一无二
✓ 抗污易清洁
✓ 不褪色抗UV

📐 规格：2000×1500mm
🏷️ 材质：烧结石 / 天然奢石

—— 适用场景 ——

▸ 客厅电视背景墙
▸ 沙发背景墙
▸ 餐厅背景墙
▸ 玄关背景
▸ 卫生间墙面
▸ 厨房台面

同款/其他花色可定制，
想要了解更多评论区扣「1」或私信～
",#雪山兰 #奢石 #冷色调 #现代极简 #背景墙 #别墅设计
1396589,雪山兰FL6081,slab,Snow Mountain Orchid,2000×1500mm,颜值暴击！雪山兰大板实景分享,"终于等到这款雪山兰了！

做了很久背景墙功课，
看到这块雪山兰实景的瞬间，直接定下来。

—— 为什么选它 ——

✓ 一板到顶无缝拼接
✓ 耐高温防刮耐磨
✓ 天然纹理独一无二
✓ 抗污易清洁
✓ 不褪色抗UV

📐 规格：2000×1500mm
🏷️ 材质：烧结石 / 天然奢石

—— 适用场景 ——

▸ 客厅电视背景墙
▸ 沙发背景墙
▸ 餐厅背景墙
▸ 玄关背景
▸ 卫生间墙面
▸ 厨房台面

同款/其他花色可定制，
想要了解更多评论区扣「1」或私信～
",#雪山兰 #奢石 #冷色调 #现代极简 #背景墙 #别墅设计
1394259,雪山兰 4049,slab,Snow Mountain Orchid,2000×1500mm,颜值暴击！雪山兰大板实景分享,"终于等到这款雪山兰了！

做了很久背景墙功课，
看到这块雪山兰实景的瞬间，直接定下来。

—— 为什么选它 ——

✓ 一板到顶无缝拼接
✓ 耐高温防刮耐磨
✓ 天然纹理独一无二
✓ 抗污易清洁
✓ 不褪色抗UV

📐 规格：2000×1500mm
🏷️ 材质：烧结石 / 天然奢石

—— 适用场景 ——

▸ 客厅电视背景墙
▸ 沙发背景墙
▸ 餐厅背景墙
▸ 玄关背景
▸ 卫生间墙面
▸ 厨房台面

同款/其他花色可定制，
想要了解更多评论区扣「1」或私信～
",#雪山兰 #奢石 #冷色调 #现代极简 #背景墙 #别墅设计
1394262,雪山兰 552,slab,Snow Mountain Orchid,2000×1500mm,别墅同款雪山兰｜一面墙封神,"终于等到这款雪山兰了！

做了很久背景墙功课，
看到这块雪山兰实景的瞬间，直接定下来。

—— 为什么选它 ——

✓ 一板到顶无缝拼接
✓ 耐高温防刮耐磨
✓ 天然纹理独一无二
✓ 抗污易清洁
✓ 不褪色抗UV

📐 规格：2000×1500mm
🏷️ 材质：烧结石 / 天然奢石

—— 适用场景 ——

▸ 客厅电视背景墙
▸ 沙发背景墙
▸ 餐厅背景墙
▸ 玄关背景
▸ 卫生间墙面
▸ 厨房台面

同款/其他花色可定制，
想要了解更多评论区扣「1」或私信～
",#雪山兰 #奢石 #冷色调 #现代极简 #背景墙 #别墅设计
1531054,B42客椅,accessory,Dining Chair,453×472mm,奢石餐椅搭配｜装修细节加分项,"终于等到这款奢石餐椅了！

终于找到满意的了。

—— 为什么选它 ——

✓ 搭配奢石台面
✓ 稳固耐用
✓ 极简设计
✓ 可定制尺寸
✓ 质感金属

📐 规格：453×472mm
🏷️ 材质：烧结石 / 天然奢石

—— 适用场景 ——

▸ 茶几底座
▸ 餐桌底座
▸ 吧台
▸ 玄关柜

同款/其他花色可定制，
想要了解更多评论区扣「1」或私信～
",#餐椅 #奢石 #餐厅家具 #高级感 #椅子推荐 #装修
1531058,B48客椅,accessory,Dining Chair,1063×1171mm,奢石餐椅搭配｜装修细节加分项,"终于等到这款奢石餐椅了！

终于找到满意的了。

—— 为什么选它 ——

✓ 搭配奢石台面
✓ 稳固耐用
✓ 极简设计
✓ 可定制尺寸
✓ 质感金属

📐 规格：1063×1171mm
🏷️ 材质：烧结石 / 天然奢石

—— 适用场景 ——

▸ 茶几底座
▸ 餐桌底座
▸ 吧台
▸ 玄关柜

同款/其他花色可定制，
想要了解更多评论区扣「1」或私信～
",#餐椅 #奢石 #餐厅家具 #高级感 #椅子推荐 #装修
1532942,C709,accessory,Dining Chair,1336×1279mm,奢石餐椅搭配｜装修细节加分项,"终于等到这款奢石餐椅了！

终于找到满意的了。

—— 为什么选它 ——

✓ 搭配奢石台面
✓ 稳固耐用
✓ 极简设计
✓ 可定制尺寸
✓ 质感金属

📐 规格：1336×1279mm
🏷️ 材质：烧结石 / 天然奢石

—— 适用场景 ——

▸ 茶几底座
▸ 餐桌底座
▸ 吧台
▸ 玄关柜

同款/其他花色可定制，
想要了解更多评论区扣「1」或私信～
",#餐椅 #奢石 #餐厅家具 #高级感 #椅子推荐 #装修
1531057,B49客椅,accessory,Dining Chair,543×446mm,奢石餐椅选款指南，建议收藏,"终于等到这款奢石餐椅了！

终于找到满意的了。

—— 为什么选它 ——

✓ 搭配奢石台面
✓ 稳固耐用
✓ 极简设计
✓ 可定制尺寸
✓ 质感金属

📐 规格：543×446mm
🏷️ 材质：烧结石 / 天然奢石

—— 适用场景 ——

▸ 茶几底座
▸ 餐桌底座
▸ 吧台
▸ 玄关柜

同款/其他花色可定制，
想要了解更多评论区扣「1」或私信～
",#餐椅 #奢石 #餐厅家具 #高级感 #椅子推荐 #装修
1532924,茶椅,accessory,Dining Chair,2000×2666mm,奢石餐椅搭配｜装修细节加分项,"终于等到这款奢石餐椅了！

终于找到满意的了。

—— 为什么选它 ——

✓ 搭配奢石台面
✓ 稳固耐用
✓ 极简设计
✓ 可定制尺寸
✓ 质感金属

📐 规格：2000×2666mm
🏷️ 材质：烧结石 / 天然奢石

—— 适用场景 ——

▸ 茶几底座
▸ 餐桌底座
▸ 吧台
▸ 玄关柜

同款/其他花色可定制，
想要了解更多评论区扣「1」或私信～
",#餐椅 #奢石 #餐厅家具 #高级感 #椅子推荐 #装修
1530002,YCA6050,accessory,Tea Table,606×362mm,奢石茶几搭配｜装修细节加分项,"终于等到这款奢石茶几了！

终于找到满意的了。

—— 为什么选它 ——

✓ 搭配奢石台面
✓ 稳固耐用
✓ 极简设计
✓ 可定制尺寸
✓ 质感金属

📐 规格：606×362mm
🏷️ 材质：烧结石 / 天然奢石

—— 适用场景 ——

▸ 茶几底座
▸ 餐桌底座
▸ 吧台
▸ 玄关柜

同款/其他花色可定制，
想要了解更多评论区扣「1」或私信～
",#奢石茶几 #客厅茶几 #高级感客厅 #烧结石 #家具 #装修
1530001,YCA6089,accessory,Tea Table,1073×889mm,奢石茶几选款指南，建议收藏,"终于等到这款奢石茶几了！

终于找到满意的了。

—— 为什么选它 ——

✓ 搭配奢石台面
✓ 稳固耐用
✓ 极简设计
✓ 可定制尺寸
✓ 质感金属

📐 规格：1073×889mm
🏷️ 材质：烧结石 / 天然奢石

—— 适用场景 ——

▸ 茶几底座
▸ 餐桌底座
▸ 吧台
▸ 玄关柜

同款/其他花色可定制，
想要了解更多评论区扣「1」或私信～
",#奢石茶几 #客厅茶几 #高级感客厅 #烧结石 #家具 #装修
1531037,FS-CJ02茶几,accessory,Tea Table,1284×1262mm,奢石茶几选款指南，建议收藏,"终于等到这款奢石茶几了！

终于找到满意的了。

—— 为什么选它 ——

✓ 搭配奢石台面
✓ 稳固耐用
✓ 极简设计
✓ 可定制尺寸
✓ 质感金属

📐 规格：1284×1262mm
🏷️ 材质：烧结石 / 天然奢石

—— 适用场景 ——

▸ 茶几底座
▸ 餐桌底座
▸ 吧台
▸ 玄关柜

同款/其他花色可定制，
想要了解更多评论区扣「1」或私信～
",#奢石茶几 #客厅茶几 #高级感客厅 #烧结石 #家具 #装修
1617162,盒子茶几底座,accessory,Tea Table,1702×1276mm,奢石茶几搭配｜装修细节加分项,"终于等到这款奢石茶几了！

终于找到满意的了。

—— 为什么选它 ——

✓ 搭配奢石台面
✓ 稳固耐用
✓ 极简设计
✓ 可定制尺寸
✓ 质感金属

📐 规格：1702×1276mm
🏷️ 材质：烧结石 / 天然奢石

—— 适用场景 ——

▸ 茶几底座
▸ 餐桌底座
▸ 吧台
▸ 玄关柜

同款/其他花色可定制，
想要了解更多评论区扣「1」或私信～
",#奢石茶几 #客厅茶几 #高级感客厅 #烧结石 #家具 #装修
1531030,FS-CJ11 茶几,accessory,Tea Table,497×349mm,奢石茶几搭配｜装修细节加分项,"终于等到这款奢石茶几了！

终于找到满意的了。

—— 为什么选它 ——

✓ 搭配奢石台面
✓ 稳固耐用
✓ 极简设计
✓ 可定制尺寸
✓ 质感金属

📐 规格：497×349mm
🏷️ 材质：烧结石 / 天然奢石

—— 适用场景 ——

▸ 茶几底座
▸ 餐桌底座
▸ 吧台
▸ 玄关柜

同款/其他花色可定制，
想要了解更多评论区扣「1」或私信～
",#奢石茶几 #客厅茶几 #高级感客厅 #烧结石 #家具 #装修
1537784,皇家白玉800X1600,furniture,Royal White Jade,2000×1500mm,皇家白玉实拍｜高级感拿捏了,"终于等到这款皇家白玉了！

为了客厅的高级感，
挑了好久终于入手这款皇家白玉。

—— 为什么选它 ——

✓ 奢石台面 + 金属底座
✓ 一桌提升整个空间格调
✓ 耐磨耐高温不怕烫
✓ 专属定制独一无二
✓ 轻奢质感拉满

📐 规格：2000×1500mm
🏷️ 材质：烧结石 / 天然奢石

—— 适用场景 ——

▸ 客厅
▸ 餐厅
▸ 玄关
▸ 书房
▸ 茶室
▸ 吧台

同款/其他花色可定制，
想要了解更多评论区扣「1」或私信～
",#皇家白玉 #白玉奢石 #新中式 #中式装修 #奢石背景 #高雅
1568952,皇家白玉1328,slab,Royal White Jade,2000×1500mm,别墅同款皇家白玉｜一面墙封神,"终于等到这款皇家白玉了！

做了很久背景墙功课，
看到这块皇家白玉实景的瞬间，直接定下来。

—— 为什么选它 ——

✓ 一板到顶无缝拼接
✓ 耐高温防刮耐磨
✓ 天然纹理独一无二
✓ 抗污易清洁
✓ 不褪色抗UV

📐 规格：2000×1500mm
🏷️ 材质：烧结石 / 天然奢石

—— 适用场景 ——

▸ 客厅电视背景墙
▸ 沙发背景墙
▸ 餐厅背景墙
▸ 玄关背景
▸ 卫生间墙面
▸ 厨房台面

同款/其他花色可定制，
想要了解更多评论区扣「1」或私信～
",#皇家白玉 #白玉奢石 #新中式 #中式装修 #奢石背景 #高雅
1461452,皇家白玉HW-133,slab,Royal White Jade,2000×1500mm,别墅同款皇家白玉｜一面墙封神,"终于等到这款皇家白玉了！

做了很久背景墙功课，
看到这块皇家白玉实景的瞬间，直接定下来。

—— 为什么选它 ——

✓ 一板到顶无缝拼接
✓ 耐高温防刮耐磨
✓ 天然纹理独一无二
✓ 抗污易清洁
✓ 不褪色抗UV

📐 规格：2000×1500mm
🏷️ 材质：烧结石 / 天然奢石

—— 适用场景 ——

▸ 客厅电视背景墙
▸ 沙发背景墙
▸ 餐厅背景墙
▸ 玄关背景
▸ 卫生间墙面
▸ 厨房台面

同款/其他花色可定制，
想要了解更多评论区扣「1」或私信～
",#皇家白玉 #白玉奢石 #新中式 #中式装修 #奢石背景 #高雅
1525712,皇家白玉HW1328,slab,Royal White Jade,2000×1500mm,别墅同款皇家白玉｜一面墙封神,"终于等到这款皇家白玉了！

做了很久背景墙功课，
看到这块皇家白玉实景的瞬间，直接定下来。

—— 为什么选它 ——

✓ 一板到顶无缝拼接
✓ 耐高温防刮耐磨
✓ 天然纹理独一无二
✓ 抗污易清洁
✓ 不褪色抗UV

📐 规格：2000×1500mm
🏷️ 材质：烧结石 / 天然奢石

—— 适用场景 ——

▸ 客厅电视背景墙
▸ 沙发背景墙
▸ 餐厅背景墙
▸ 玄关背景
▸ 卫生间墙面
▸ 厨房台面

同款/其他花色可定制，
想要了解更多评论区扣「1」或私信～
",#皇家白玉 #白玉奢石 #新中式 #中式装修 #奢石背景 #高雅
1467005,皇家白玉HW1240,slab,Royal White Jade,1706×1279mm,皇家白玉奢石｜客厅电视背景墙高级感天花板,"终于等到这款皇家白玉了！

做了很久背景墙功课，
看到这块皇家白玉实景的瞬间，直接定下来。

—— 为什么选它 ——

✓ 一板到顶无缝拼接
✓ 耐高温防刮耐磨
✓ 天然纹理独一无二
✓ 抗污易清洁
✓ 不褪色抗UV

📐 规格：1706×1279mm
🏷️ 材质：烧结石 / 天然奢石

—— 适用场景 ——

▸ 客厅电视背景墙
▸ 沙发背景墙
▸ 餐厅背景墙
▸ 玄关背景
▸ 卫生间墙面
▸ 厨房台面

同款/其他花色可定制，
想要了解更多评论区扣「1」或私信～
",#皇家白玉 #白玉奢石 #新中式 #中式装修 #奢石背景 #高雅
1407734,宝格丽紫2200X1050,furniture,Dining Table,2000×1500mm,奢石餐桌实拍｜高级感拿捏了,"终于等到这款奢石餐桌了！

为了客厅的高级感，
挑了好久终于入手这款奢石餐桌。

—— 为什么选它 ——

✓ 奢石台面 + 金属底座
✓ 一桌提升整个空间格调
✓ 耐磨耐高温不怕烫
✓ 专属定制独一无二
✓ 轻奢质感拉满

📐 规格：2000×1500mm
🏷️ 材质：烧结石 / 天然奢石

—— 适用场景 ——

▸ 客厅
▸ 餐厅
▸ 玄关
▸ 书房
▸ 茶室
▸ 吧台

同款/其他花色可定制，
想要了解更多评论区扣「1」或私信～
",#奢石餐桌 #餐厅 #高级感 #烧结石 #餐桌推荐 #装修
1405237,潘多拉980*2000,furniture,Dining Table,2000×1500mm,奢石餐桌推荐｜客厅颜值担当,"终于等到这款奢石餐桌了！

为了客厅的高级感，
挑了好久终于入手这款奢石餐桌。

—— 为什么选它 ——

✓ 奢石台面 + 金属底座
✓ 一桌提升整个空间格调
✓ 耐磨耐高温不怕烫
✓ 专属定制独一无二
✓ 轻奢质感拉满

📐 规格：2000×1500mm
🏷️ 材质：烧结石 / 天然奢石

—— 适用场景 ——

▸ 客厅
▸ 餐厅
▸ 玄关
▸ 书房
▸ 茶室
▸ 吧台

同款/其他花色可定制，
想要了解更多评论区扣「1」或私信～
",#奢石餐桌 #餐厅 #高级感 #烧结石 #餐桌推荐 #装修
1405301,百达翡翠1800X900,furniture,Dining Table,2000×1500mm,被邻居追着问的奢石餐桌！,"终于等到这款奢石餐桌了！

为了客厅的高级感，
挑了好久终于入手这款奢石餐桌。

—— 为什么选它 ——

✓ 奢石台面 + 金属底座
✓ 一桌提升整个空间格调
✓ 耐磨耐高温不怕烫
✓ 专属定制独一无二
✓ 轻奢质感拉满

📐 规格：2000×1500mm
🏷️ 材质：烧结石 / 天然奢石

—— 适用场景 ——

▸ 客厅
▸ 餐厅
▸ 玄关
▸ 书房
▸ 茶室
▸ 吧台

同款/其他花色可定制，
想要了解更多评论区扣「1」或私信～
",#奢石餐桌 #餐厅 #高级感 #烧结石 #餐桌推荐 #装修
1405238,金枝玉叶2000X1000,furniture,Dining Table,2000×1500mm,一眼爱上的奢石餐桌，轻奢必备,"终于等到这款奢石餐桌了！

为了客厅的高级感，
挑了好久终于入手这款奢石餐桌。

—— 为什么选它 ——

✓ 奢石台面 + 金属底座
✓ 一桌提升整个空间格调
✓ 耐磨耐高温不怕烫
✓ 专属定制独一无二
✓ 轻奢质感拉满

📐 规格：2000×1500mm
🏷️ 材质：烧结石 / 天然奢石

—— 适用场景 ——

▸ 客厅
▸ 餐厅
▸ 玄关
▸ 书房
▸ 茶室
▸ 吧台

同款/其他花色可定制，
想要了解更多评论区扣「1」或私信～
",#奢石餐桌 #餐厅 #高级感 #烧结石 #餐桌推荐 #装修
1405242,SK27Y10200046 潘多拉2000X1000,furniture,Dining Table,2000×1500mm,奢石餐桌推荐｜客厅颜值担当,"终于等到这款奢石餐桌了！

为了客厅的高级感，
挑了好久终于入手这款奢石餐桌。

—— 为什么选它 ——

✓ 奢石台面 + 金属底座
✓ 一桌提升整个空间格调
✓ 耐磨耐高温不怕烫
✓ 专属定制独一无二
✓ 轻奢质感拉满

📐 规格：2000×1500mm
🏷️ 材质：烧结石 / 天然奢石

—— 适用场景 ——

▸ 客厅
▸ 餐厅
▸ 玄关
▸ 书房
▸ 茶室
▸ 吧台

同款/其他花色可定制，
想要了解更多评论区扣「1」或私信～
",#奢石餐桌 #餐厅 #高级感 #烧结石 #餐桌推荐 #装修
1441821,透光背景,case,Feature Wall,1526×1040mm,奢石背景墙完工案例，设计还原度100%,"终于等到这款奢石背景墙了！

终于找到满意的了。

—— 为什么选它 ——

✓ 实景落地效果
✓ 设计还原度高
✓ 空间氛围感拉满

📐 规格：1526×1040mm
🏷️ 材质：烧结石 / 天然奢石

—— 适用场景 ——

▸ 别墅
▸ 大平层
▸ 样板间
▸ 酒店
▸ 会所

同款/其他花色可定制，
想要了解更多评论区扣「1」或私信～
",#奢石背景墙 #背景墙 #客厅装修 #烧结石 #高级感 #别墅
1441807,透光背景,case,Feature Wall,1616×1170mm,奢石背景墙完工案例，设计还原度100%,"终于等到这款奢石背景墙了！

终于找到满意的了。

—— 为什么选它 ——

✓ 实景落地效果
✓ 设计还原度高
✓ 空间氛围感拉满

📐 规格：1616×1170mm
🏷️ 材质：烧结石 / 天然奢石

—— 适用场景 ——

▸ 别墅
▸ 大平层
▸ 样板间
▸ 酒店
▸ 会所

同款/其他花色可定制，
想要了解更多评论区扣「1」或私信～
",#奢石背景墙 #背景墙 #客厅装修 #烧结石 #高级感 #别墅
1441815,透光背景,case,Feature Wall,1080×847mm,奢石背景墙完工案例，设计还原度100%,"终于等到这款奢石背景墙了！

终于找到满意的了。

—— 为什么选它 ——

✓ 实景落地效果
✓ 设计还原度高
✓ 空间氛围感拉满

📐 规格：1080×847mm
🏷️ 材质：烧结石 / 天然奢石

—— 适用场景 ——

▸ 别墅
▸ 大平层
▸ 样板间
▸ 酒店
▸ 会所

同款/其他花色可定制，
想要了解更多评论区扣「1」或私信～
",#奢石背景墙 #背景墙 #客厅装修 #烧结石 #高级感 #别墅
1441816,透光背景,case,Feature Wall,1080×883mm,奢石背景墙实景落地｜效果绝了,"终于等到这款奢石背景墙了！

终于找到满意的了。

—— 为什么选它 ——

✓ 实景落地效果
✓ 设计还原度高
✓ 空间氛围感拉满

📐 规格：1080×883mm
🏷️ 材质：烧结石 / 天然奢石

—— 适用场景 ——

▸ 别墅
▸ 大平层
▸ 样板间
▸ 酒店
▸ 会所

同款/其他花色可定制，
想要了解更多评论区扣「1」或私信～
",#奢石背景墙 #背景墙 #客厅装修 #烧结石 #高级感 #别墅
1441810,透光背景,case,Feature Wall,1080×905mm,奢石背景墙实景落地｜效果绝了,"终于等到这款奢石背景墙了！

终于找到满意的了。

—— 为什么选它 ——

✓ 实景落地效果
✓ 设计还原度高
✓ 空间氛围感拉满

📐 规格：1080×905mm
🏷️ 材质：烧结石 / 天然奢石

—— 适用场景 ——

▸ 别墅
▸ 大平层
▸ 样板间
▸ 酒店
▸ 会所

同款/其他花色可定制，
想要了解更多评论区扣「1」或私信～
",#奢石背景墙 #背景墙 #客厅装修 #烧结石 #高级感 #别墅
1431742,蓝翡翠 660*1000,furniture,Tea Table,1280×1707mm,奢石茶几推荐｜客厅颜值担当,"终于等到这款奢石茶几了！

为了客厅的高级感，
挑了好久终于入手这款奢石茶几。

—— 为什么选它 ——

✓ 奢石台面 + 金属底座
✓ 一桌提升整个空间格调
✓ 耐磨耐高温不怕烫
✓ 专属定制独一无二
✓ 轻奢质感拉满

📐 规格：1280×1707mm
🏷️ 材质：烧结石 / 天然奢石

—— 适用场景 ——

▸ 客厅
▸ 餐厅
▸ 玄关
▸ 书房
▸ 茶室
▸ 吧台

同款/其他花色可定制，
想要了解更多评论区扣「1」或私信～
",#奢石茶几 #客厅茶几 #高级感客厅 #烧结石 #家具 #装修
1432059,潘多拉600*1200,furniture,Tea Table,1280×1707mm,奢石茶几实拍｜高级感拿捏了,"终于等到这款奢石茶几了！

为了客厅的高级感，
挑了好久终于入手这款奢石茶几。

—— 为什么选它 ——

✓ 奢石台面 + 金属底座
✓ 一桌提升整个空间格调
✓ 耐磨耐高温不怕烫
✓ 专属定制独一无二
✓ 轻奢质感拉满

📐 规格：1280×1707mm
🏷️ 材质：烧结石 / 天然奢石

—— 适用场景 ——

▸ 客厅
▸ 餐厅
▸ 玄关
▸ 书房
▸ 茶室
▸ 吧台

同款/其他花色可定制，
想要了解更多评论区扣「1」或私信～
",#奢石茶几 #客厅茶几 #高级感客厅 #烧结石 #家具 #装修
1463321,新芬迪白6001200,furniture,Tea Table,421×593mm,被邻居追着问的奢石茶几！,"终于等到这款奢石茶几了！

为了客厅的高级感，
挑了好久终于入手这款奢石茶几。

—— 为什么选它 ——

✓ 奢石台面 + 金属底座
✓ 一桌提升整个空间格调
✓ 耐磨耐高温不怕烫
✓ 专属定制独一无二
✓ 轻奢质感拉满

📐 规格：421×593mm
🏷️ 材质：烧结石 / 天然奢石

—— 适用场景 ——

▸ 客厅
▸ 餐厅
▸ 玄关
▸ 书房
▸ 茶室
▸ 吧台

同款/其他花色可定制，
想要了解更多评论区扣「1」或私信～
",#奢石茶几 #客厅茶几 #高级感客厅 #烧结石 #家具 #装修
1463211,云母绿茶几600X1200,furniture,Tea Table,432×577mm,被邻居追着问的奢石茶几！,"终于等到这款奢石茶几了！

为了客厅的高级感，
挑了好久终于入手这款奢石茶几。

—— 为什么选它 ——

✓ 奢石台面 + 金属底座
✓ 一桌提升整个空间格调
✓ 耐磨耐高温不怕烫
✓ 专属定制独一无二
✓ 轻奢质感拉满

📐 规格：432×577mm
🏷️ 材质：烧结石 / 天然奢石

—— 适用场景 ——

▸ 客厅
▸ 餐厅
▸ 玄关
▸ 书房
▸ 茶室
▸ 吧台

同款/其他花色可定制，
想要了解更多评论区扣「1」或私信～
",#奢石茶几 #客厅茶几 #高级感客厅 #烧结石 #家具 #装修
1466391,宝格丽黑1400X800,furniture,Tea Table,432×577mm,被邻居追着问的奢石茶几！,"终于等到这款奢石茶几了！

为了客厅的高级感，
挑了好久终于入手这款奢石茶几。

—— 为什么选它 ——

✓ 奢石台面 + 金属底座
✓ 一桌提升整个空间格调
✓ 耐磨耐高温不怕烫
✓ 专属定制独一无二
✓ 轻奢质感拉满

📐 规格：432×577mm
🏷️ 材质：烧结石 / 天然奢石

—— 适用场景 ——

▸ 客厅
▸ 餐厅
▸ 玄关
▸ 书房
▸ 茶室
▸ 吧台

同款/其他花色可定制，
想要了解更多评论区扣「1」或私信～
",#奢石茶几 #客厅茶几 #高级感客厅 #烧结石 #家具 #装修
1568950,百达翡翠HR297,slab,Patek Emerald,2000×1500mm,奢石奢石｜客厅电视背景墙高级感天花板,"终于等到这款奢石了！

做了很久背景墙功课，
看到这块奢石实景的瞬间，直接定下来。

—— 为什么选它 ——

✓ 一板到顶无缝拼接
✓ 耐高温防刮耐磨
✓ 天然纹理独一无二
✓ 抗污易清洁
✓ 不褪色抗UV

📐 规格：2000×1500mm
🏷️ 材质：烧结石 / 天然奢石

—— 适用场景 ——

▸ 客厅电视背景墙
▸ 沙发背景墙
▸ 餐厅背景墙
▸ 玄关背景
▸ 卫生间墙面
▸ 厨房台面

同款/其他花色可定制，
想要了解更多评论区扣「1」或私信～
",#奢石 #高级感装修 #烧结石 #背景墙 #别墅 #装修灵感
1591491,百达翡翠684,slab,Patek Emerald,2000×1500mm,被问疯了！奢石背景墙实景,"终于等到这款奢石了！

做了很久背景墙功课，
看到这块奢石实景的瞬间，直接定下来。

—— 为什么选它 ——

✓ 一板到顶无缝拼接
✓ 耐高温防刮耐磨
✓ 天然纹理独一无二
✓ 抗污易清洁
✓ 不褪色抗UV

📐 规格：2000×1500mm
🏷️ 材质：烧结石 / 天然奢石

—— 适用场景 ——

▸ 客厅电视背景墙
▸ 沙发背景墙
▸ 餐厅背景墙
▸ 玄关背景
▸ 卫生间墙面
▸ 厨房台面

同款/其他花色可定制，
想要了解更多评论区扣「1」或私信～
",#奢石 #高级感装修 #烧结石 #背景墙 #别墅 #装修灵感
1387919,百达翡翠航母茶台900*4500,furniture,Patek Emerald,2000×2666mm,奢石实拍｜高级感拿捏了,"终于等到这款奢石了！

为了客厅的高级感，
挑了好久终于入手这款奢石。

—— 为什么选它 ——

✓ 奢石台面 + 金属底座
✓ 一桌提升整个空间格调
✓ 耐磨耐高温不怕烫
✓ 专属定制独一无二
✓ 轻奢质感拉满

📐 规格：2000×2666mm
🏷️ 材质：烧结石 / 天然奢石

—— 适用场景 ——

▸ 客厅
▸ 餐厅
▸ 玄关
▸ 书房
▸ 茶室
▸ 吧台

同款/其他花色可定制，
想要了解更多评论区扣「1」或私信～
",#奢石 #高级感装修 #烧结石 #背景墙 #别墅 #装修灵感
1405535,百达翡翠1800X900,furniture,Patek Emerald,2000×1500mm,奢石｜提升客厅格调的秘密,"终于等到这款奢石了！

为了客厅的高级感，
挑了好久终于入手这款奢石。

—— 为什么选它 ——

✓ 奢石台面 + 金属底座
✓ 一桌提升整个空间格调
✓ 耐磨耐高温不怕烫
✓ 专属定制独一无二
✓ 轻奢质感拉满

📐 规格：2000×1500mm
🏷️ 材质：烧结石 / 天然奢石

—— 适用场景 ——

▸ 客厅
▸ 餐厅
▸ 玄关
▸ 书房
▸ 茶室
▸ 吧台

同款/其他花色可定制，
想要了解更多评论区扣「1」或私信～
",#奢石 #高级感装修 #烧结石 #背景墙 #别墅 #装修灵感
1673611,Y150B130+Y90B131 百达翡翠150+90,furniture,Patek Emerald,2000×1500mm,被邻居追着问的奢石！,"终于等到这款奢石了！

为了客厅的高级感，
挑了好久终于入手这款奢石。

—— 为什么选它 ——

✓ 奢石台面 + 金属底座
✓ 一桌提升整个空间格调
✓ 耐磨耐高温不怕烫
✓ 专属定制独一无二
✓ 轻奢质感拉满

📐 规格：2000×1500mm
🏷️ 材质：烧结石 / 天然奢石

—— 适用场景 ——

▸ 客厅
▸ 餐厅
▸ 玄关
▸ 书房
▸ 茶室
▸ 吧台

同款/其他花色可定制，
想要了解更多评论区扣「1」或私信～
",#奢石 #高级感装修 #烧结石 #背景墙 #别墅 #装修灵感
1431745,蓝翡翠  400*1500,furniture,Console,1280×1280mm,奢石玄关柜｜提升客厅格调的秘密,"终于等到这款奢石玄关柜了！

为了客厅的高级感，
挑了好久终于入手这款奢石玄关柜。

—— 为什么选它 ——

✓ 奢石台面 + 金属底座
✓ 一桌提升整个空间格调
✓ 耐磨耐高温不怕烫
✓ 专属定制独一无二
✓ 轻奢质感拉满

📐 规格：1280×1280mm
🏷️ 材质：烧结石 / 天然奢石

—— 适用场景 ——

▸ 客厅
▸ 餐厅
▸ 玄关
▸ 书房
▸ 茶室
▸ 吧台

同款/其他花色可定制，
想要了解更多评论区扣「1」或私信～
",#玄关柜 #奢石 #玄关设计 #高级感 #入户 #装修
1432050,潘多拉 400*1400,furniture,Console,1280×1707mm,奢石玄关柜｜提升客厅格调的秘密,"终于等到这款奢石玄关柜了！

为了客厅的高级感，
挑了好久终于入手这款奢石玄关柜。

—— 为什么选它 ——

✓ 奢石台面 + 金属底座
✓ 一桌提升整个空间格调
✓ 耐磨耐高温不怕烫
✓ 专属定制独一无二
✓ 轻奢质感拉满

📐 规格：1280×1707mm
🏷️ 材质：烧结石 / 天然奢石

—— 适用场景 ——

▸ 客厅
▸ 餐厅
▸ 玄关
▸ 书房
▸ 茶室
▸ 吧台

同款/其他花色可定制，
想要了解更多评论区扣「1」或私信～
",#玄关柜 #奢石 #玄关设计 #高级感 #入户 #装修
1431746,蓝翡翠 400*1500,furniture,Console,1280×1280mm,被邻居追着问的奢石玄关柜！,"终于等到这款奢石玄关柜了！

为了客厅的高级感，
挑了好久终于入手这款奢石玄关柜。

—— 为什么选它 ——

✓ 奢石台面 + 金属底座
✓ 一桌提升整个空间格调
✓ 耐磨耐高温不怕烫
✓ 专属定制独一无二
✓ 轻奢质感拉满

📐 规格：1280×1280mm
🏷️ 材质：烧结石 / 天然奢石

—— 适用场景 ——

▸ 客厅
▸ 餐厅
▸ 玄关
▸ 书房
▸ 茶室
▸ 吧台

同款/其他花色可定制，
想要了解更多评论区扣「1」或私信～
",#玄关柜 #奢石 #玄关设计 #高级感 #入户 #装修
1439079,潘多拉   400*1400,furniture,Console,2000×2666mm,奢石玄关柜实拍｜高级感拿捏了,"终于等到这款奢石玄关柜了！

为了客厅的高级感，
挑了好久终于入手这款奢石玄关柜。

—— 为什么选它 ——

✓ 奢石台面 + 金属底座
✓ 一桌提升整个空间格调
✓ 耐磨耐高温不怕烫
✓ 专属定制独一无二
✓ 轻奢质感拉满

📐 规格：2000×2666mm
🏷️ 材质：烧结石 / 天然奢石

—— 适用场景 ——

▸ 客厅
▸ 餐厅
▸ 玄关
▸ 书房
▸ 茶室
▸ 吧台

同款/其他花色可定制，
想要了解更多评论区扣「1」或私信～
",#玄关柜 #奢石 #玄关设计 #高级感 #入户 #装修
1793691,新芬迪白2600*400,furniture,Console,2000×1500mm,被邻居追着问的奢石玄关柜！,"终于等到这款奢石玄关柜了！

为了客厅的高级感，
挑了好久终于入手这款奢石玄关柜。

—— 为什么选它 ——

✓ 奢石台面 + 金属底座
✓ 一桌提升整个空间格调
✓ 耐磨耐高温不怕烫
✓ 专属定制独一无二
✓ 轻奢质感拉满

📐 规格：2000×1500mm
🏷️ 材质：烧结石 / 天然奢石

—— 适用场景 ——

▸ 客厅
▸ 餐厅
▸ 玄关
▸ 书房
▸ 茶室
▸ 吧台

同款/其他花色可定制，
想要了解更多评论区扣「1」或私信～
",#玄关柜 #奢石 #玄关设计 #高级感 #入户 #装修
1819628,蓝翡翠茶车400X900,furniture,Tea Cart,2000×1500mm,一眼爱上的奢石茶水柜，轻奢必备,"终于等到这款奢石茶水柜了！

为了客厅的高级感，
挑了好久终于入手这款奢石茶水柜。

—— 为什么选它 ——

✓ 奢石台面 + 金属底座
✓ 一桌提升整个空间格调
✓ 耐磨耐高温不怕烫
✓ 专属定制独一无二
✓ 轻奢质感拉满

📐 规格：2000×1500mm
🏷️ 材质：烧结石 / 天然奢石

—— 适用场景 ——

▸ 客厅
▸ 餐厅
▸ 玄关
▸ 书房
▸ 茶室
▸ 吧台

同款/其他花色可定制，
想要了解更多评论区扣「1」或私信～
",#茶水柜 #奢石 #客厅收纳 #高级感 #吧台 #装修
1797801,潘多拉400X900,furniture,Tea Cart,2000×1500mm,被邻居追着问的奢石茶水柜！,"终于等到这款奢石茶水柜了！

为了客厅的高级感，
挑了好久终于入手这款奢石茶水柜。

—— 为什么选它 ——

✓ 奢石台面 + 金属底座
✓ 一桌提升整个空间格调
✓ 耐磨耐高温不怕烫
✓ 专属定制独一无二
✓ 轻奢质感拉满

📐 规格：2000×1500mm
🏷️ 材质：烧结石 / 天然奢石

—— 适用场景 ——

▸ 客厅
▸ 餐厅
▸ 玄关
▸ 书房
▸ 茶室
▸ 吧台

同款/其他花色可定制，
想要了解更多评论区扣「1」或私信～
",#茶水柜 #奢石 #客厅收纳 #高级感 #吧台 #装修
1462834,牛油果绿400X900,furniture,Tea Cart,375×666mm,奢石茶水柜实拍｜高级感拿捏了,"终于等到这款奢石茶水柜了！

为了客厅的高级感，
挑了好久终于入手这款奢石茶水柜。

—— 为什么选它 ——

✓ 奢石台面 + 金属底座
✓ 一桌提升整个空间格调
✓ 耐磨耐高温不怕烫
✓ 专属定制独一无二
✓ 轻奢质感拉满

📐 规格：375×666mm
🏷️ 材质：烧结石 / 天然奢石

—— 适用场景 ——

▸ 客厅
▸ 餐厅
▸ 玄关
▸ 书房
▸ 茶室
▸ 吧台

同款/其他花色可定制，
想要了解更多评论区扣「1」或私信～
",#茶水柜 #奢石 #客厅收纳 #高级感 #吧台 #装修
1491687,香格里拉茶车,furniture,Tea Cart,432×577mm,奢石茶水柜推荐｜客厅颜值担当,"终于等到这款奢石茶水柜了！

为了客厅的高级感，
挑了好久终于入手这款奢石茶水柜。

—— 为什么选它 ——

✓ 奢石台面 + 金属底座
✓ 一桌提升整个空间格调
✓ 耐磨耐高温不怕烫
✓ 专属定制独一无二
✓ 轻奢质感拉满

📐 规格：432×577mm
🏷️ 材质：烧结石 / 天然奢石

—— 适用场景 ——

▸ 客厅
▸ 餐厅
▸ 玄关
▸ 书房
▸ 茶室
▸ 吧台

同款/其他花色可定制，
想要了解更多评论区扣「1」或私信～
",#茶水柜 #奢石 #客厅收纳 #高级感 #吧台 #装修
1466424,宝格丽紫40X90,furniture,Tea Cart,433×577mm,奢石茶水柜实拍｜高级感拿捏了,"终于等到这款奢石茶水柜了！

为了客厅的高级感，
挑了好久终于入手这款奢石茶水柜。

—— 为什么选它 ——

✓ 奢石台面 + 金属底座
✓ 一桌提升整个空间格调
✓ 耐磨耐高温不怕烫
✓ 专属定制独一无二
✓ 轻奢质感拉满

📐 规格：433×577mm
🏷️ 材质：烧结石 / 天然奢石

—— 适用场景 ——

▸ 客厅
▸ 餐厅
▸ 玄关
▸ 书房
▸ 茶室
▸ 吧台

同款/其他花色可定制，
想要了解更多评论区扣「1」或私信～
",#茶水柜 #奢石 #客厅收纳 #高级感 #吧台 #装修
1423815,铂金钻FL- 1212,slab,Platinum Diamond,2000×1500mm,铂金钻石奢石｜客厅电视背景墙高级感天花板,"终于等到这款铂金钻石了！

做了很久背景墙功课，
看到这块铂金钻石实景的瞬间，直接定下来。

—— 为什么选它 ——

✓ 一板到顶无缝拼接
✓ 耐高温防刮耐磨
✓ 天然纹理独一无二
✓ 抗污易清洁
✓ 不褪色抗UV

📐 规格：2000×1500mm
🏷️ 材质：烧结石 / 天然奢石

—— 适用场景 ——

▸ 客厅电视背景墙
▸ 沙发背景墙
▸ 餐厅背景墙
▸ 玄关背景
▸ 卫生间墙面
▸ 厨房台面

同款/其他花色可定制，
想要了解更多评论区扣「1」或私信～
",#铂金钻石 #奢石 #轻奢 #闪亮高级感 #背景墙 #别墅
1423817,铂金钻FL- 1145,slab,Platinum Diamond,2000×1500mm,别墅同款铂金钻石｜一面墙封神,"终于等到这款铂金钻石了！

做了很久背景墙功课，
看到这块铂金钻石实景的瞬间，直接定下来。

—— 为什么选它 ——

✓ 一板到顶无缝拼接
✓ 耐高温防刮耐磨
✓ 天然纹理独一无二
✓ 抗污易清洁
✓ 不褪色抗UV

📐 规格：2000×1500mm
🏷️ 材质：烧结石 / 天然奢石

—— 适用场景 ——

▸ 客厅电视背景墙
▸ 沙发背景墙
▸ 餐厅背景墙
▸ 玄关背景
▸ 卫生间墙面
▸ 厨房台面

同款/其他花色可定制，
想要了解更多评论区扣「1」或私信～
",#铂金钻石 #奢石 #轻奢 #闪亮高级感 #背景墙 #别墅
1405311,铂金钻2000X1000,furniture,Platinum Diamond,2000×1500mm,被邻居追着问的铂金钻石！,"终于等到这款铂金钻石了！

为了客厅的高级感，
挑了好久终于入手这款铂金钻石。

—— 为什么选它 ——

✓ 奢石台面 + 金属底座
✓ 一桌提升整个空间格调
✓ 耐磨耐高温不怕烫
✓ 专属定制独一无二
✓ 轻奢质感拉满

📐 规格：2000×1500mm
🏷️ 材质：烧结石 / 天然奢石

—— 适用场景 ——

▸ 客厅
▸ 餐厅
▸ 玄关
▸ 书房
▸ 茶室
▸ 吧台

同款/其他花色可定制，
想要了解更多评论区扣「1」或私信～
",#铂金钻石 #奢石 #轻奢 #闪亮高级感 #背景墙 #别墅
1423369,铂金钻1212,slab,Platinum Diamond,2000×1500mm,颜值暴击！铂金钻石大板实景分享,"终于等到这款铂金钻石了！

做了很久背景墙功课，
看到这块铂金钻石实景的瞬间，直接定下来。

—— 为什么选它 ——

✓ 一板到顶无缝拼接
✓ 耐高温防刮耐磨
✓ 天然纹理独一无二
✓ 抗污易清洁
✓ 不褪色抗UV

📐 规格：2000×1500mm
🏷️ 材质：烧结石 / 天然奢石

—— 适用场景 ——

▸ 客厅电视背景墙
▸ 沙发背景墙
▸ 餐厅背景墙
▸ 玄关背景
▸ 卫生间墙面
▸ 厨房台面

同款/其他花色可定制，
想要了解更多评论区扣「1」或私信～
",#铂金钻石 #奢石 #轻奢 #闪亮高级感 #背景墙 #别墅
1423816,铂金钻黄底,slab,Platinum Diamond,1702×1276mm,被问疯了！铂金钻石背景墙实景,"终于等到这款铂金钻石了！

做了很久背景墙功课，
看到这块铂金钻石实景的瞬间，直接定下来。

—— 为什么选它 ——

✓ 一板到顶无缝拼接
✓ 耐高温防刮耐磨
✓ 天然纹理独一无二
✓ 抗污易清洁
✓ 不褪色抗UV

📐 规格：1702×1276mm
🏷️ 材质：烧结石 / 天然奢石

—— 适用场景 ——

▸ 客厅电视背景墙
▸ 沙发背景墙
▸ 餐厅背景墙
▸ 玄关背景
▸ 卫生间墙面
▸ 厨房台面

同款/其他花色可定制，
想要了解更多评论区扣「1」或私信～
",#铂金钻石 #奢石 #轻奢 #闪亮高级感 #背景墙 #别墅
1423371,宝格丽黑,slab,Bulgari Black,2000×2666mm,被问疯了！宝格丽黑背景墙实景,"终于等到这款宝格丽黑了！

做了很久背景墙功课，
看到这块宝格丽黑实景的瞬间，直接定下来。

—— 为什么选它 ——

✓ 一板到顶无缝拼接
✓ 耐高温防刮耐磨
✓ 天然纹理独一无二
✓ 抗污易清洁
✓ 不褪色抗UV

📐 规格：2000×2666mm
🏷️ 材质：烧结石 / 天然奢石

—— 适用场景 ——

▸ 客厅电视背景墙
▸ 沙发背景墙
▸ 餐厅背景墙
▸ 玄关背景
▸ 卫生间墙面
▸ 厨房台面

同款/其他花色可定制，
想要了解更多评论区扣「1」或私信～
",#宝格丽黑 #黑金风格 #奢石背景墙 #现代轻奢 #高级黑 #别墅
1423370,宝格丽黑230906,slab,Bulgari Black,1920×1080mm,宝格丽黑奢石｜客厅电视背景墙高级感天花板,"终于等到这款宝格丽黑了！

做了很久背景墙功课，
看到这块宝格丽黑实景的瞬间，直接定下来。

—— 为什么选它 ——

✓ 一板到顶无缝拼接
✓ 耐高温防刮耐磨
✓ 天然纹理独一无二
✓ 抗污易清洁
✓ 不褪色抗UV

📐 规格：1920×1080mm
🏷️ 材质：烧结石 / 天然奢石

—— 适用场景 ——

▸ 客厅电视背景墙
▸ 沙发背景墙
▸ 餐厅背景墙
▸ 玄关背景
▸ 卫生间墙面
▸ 厨房台面

同款/其他花色可定制，
想要了解更多评论区扣「1」或私信～
",#宝格丽黑 #黑金风格 #奢石背景墙 #现代轻奢 #高级黑 #别墅
1403722,宝格丽黑800X1400,furniture,Bulgari Black,2000×1500mm,宝格丽黑推荐｜客厅颜值担当,"终于等到这款宝格丽黑了！

为了客厅的高级感，
挑了好久终于入手这款宝格丽黑。

—— 为什么选它 ——

✓ 奢石台面 + 金属底座
✓ 一桌提升整个空间格调
✓ 耐磨耐高温不怕烫
✓ 专属定制独一无二
✓ 轻奢质感拉满

📐 规格：2000×1500mm
🏷️ 材质：烧结石 / 天然奢石

—— 适用场景 ——

▸ 客厅
▸ 餐厅
▸ 玄关
▸ 书房
▸ 茶室
▸ 吧台

同款/其他花色可定制，
想要了解更多评论区扣「1」或私信～
",#宝格丽黑 #黑金风格 #奢石背景墙 #现代轻奢 #高级黑 #别墅
1407110,宝格丽黑1800X900,furniture,Bulgari Black,3024×4032mm,宝格丽黑｜提升客厅格调的秘密,"终于等到这款宝格丽黑了！

为了客厅的高级感，
挑了好久终于入手这款宝格丽黑。

—— 为什么选它 ——

✓ 奢石台面 + 金属底座
✓ 一桌提升整个空间格调
✓ 耐磨耐高温不怕烫
✓ 专属定制独一无二
✓ 轻奢质感拉满

📐 规格：3024×4032mm
🏷️ 材质：烧结石 / 天然奢石

—— 适用场景 ——

▸ 客厅
▸ 餐厅
▸ 玄关
▸ 书房
▸ 茶室
▸ 吧台

同款/其他花色可定制，
想要了解更多评论区扣「1」或私信～
",#宝格丽黑 #黑金风格 #奢石背景墙 #现代轻奢 #高级黑 #别墅
1803510,宝格丽黑180+118,furniture,Bulgari Black,2000×1500mm,宝格丽黑｜提升客厅格调的秘密,"终于等到这款宝格丽黑了！

为了客厅的高级感，
挑了好久终于入手这款宝格丽黑。

—— 为什么选它 ——

✓ 奢石台面 + 金属底座
✓ 一桌提升整个空间格调
✓ 耐磨耐高温不怕烫
✓ 专属定制独一无二
✓ 轻奢质感拉满

📐 规格：2000×1500mm
🏷️ 材质：烧结石 / 天然奢石

—— 适用场景 ——

▸ 客厅
▸ 餐厅
▸ 玄关
▸ 书房
▸ 茶室
▸ 吧台

同款/其他花色可定制，
想要了解更多评论区扣「1」或私信～
",#宝格丽黑 #黑金风格 #奢石背景墙 #现代轻奢 #高级黑 #别墅
1403706,威尼斯棕900X1600,furniture,Venice Brown,2000×1500mm,被邻居追着问的威尼斯棕！,"终于等到这款威尼斯棕了！

为了客厅的高级感，
挑了好久终于入手这款威尼斯棕。

—— 为什么选它 ——

✓ 奢石台面 + 金属底座
✓ 一桌提升整个空间格调
✓ 耐磨耐高温不怕烫
✓ 专属定制独一无二
✓ 轻奢质感拉满

📐 规格：2000×1500mm
🏷️ 材质：烧结石 / 天然奢石

—— 适用场景 ——

▸ 客厅
▸ 餐厅
▸ 玄关
▸ 书房
▸ 茶室
▸ 吧台

同款/其他花色可定制，
想要了解更多评论区扣「1」或私信～
",#威尼斯棕 #棕色奢石 #美式装修 #复古风 #高级感 #烧结石
1394289,威尼斯灰,slab,Venice Brown,2000×1500mm,颜值暴击！威尼斯棕大板实景分享,"终于等到这款威尼斯棕了！

做了很久背景墙功课，
看到这块威尼斯棕实景的瞬间，直接定下来。

—— 为什么选它 ——

✓ 一板到顶无缝拼接
✓ 耐高温防刮耐磨
✓ 天然纹理独一无二
✓ 抗污易清洁
✓ 不褪色抗UV

📐 规格：2000×1500mm
🏷️ 材质：烧结石 / 天然奢石

—— 适用场景 ——

▸ 客厅电视背景墙
▸ 沙发背景墙
▸ 餐厅背景墙
▸ 玄关背景
▸ 卫生间墙面
▸ 厨房台面

同款/其他花色可定制，
想要了解更多评论区扣「1」或私信～
",#威尼斯棕 #棕色奢石 #美式装修 #复古风 #高级感 #烧结石
1403970,威尼斯棕1600X900,furniture,Venice Brown,2000×1500mm,威尼斯棕｜提升客厅格调的秘密,"终于等到这款威尼斯棕了！

为了客厅的高级感，
挑了好久终于入手这款威尼斯棕。

—— 为什么选它 ——

✓ 奢石台面 + 金属底座
✓ 一桌提升整个空间格调
✓ 耐磨耐高温不怕烫
✓ 专属定制独一无二
✓ 轻奢质感拉满

📐 规格：2000×1500mm
🏷️ 材质：烧结石 / 天然奢石

—— 适用场景 ——

▸ 客厅
▸ 餐厅
▸ 玄关
▸ 书房
▸ 茶室
▸ 吧台

同款/其他花色可定制，
想要了解更多评论区扣「1」或私信～
",#威尼斯棕 #棕色奢石 #美式装修 #复古风 #高级感 #烧结石
1778436,威尼斯棕900X1800,furniture,Venice Brown,2000×1500mm,被邻居追着问的威尼斯棕！,"终于等到这款威尼斯棕了！

为了客厅的高级感，
挑了好久终于入手这款威尼斯棕。

—— 为什么选它 ——

✓ 奢石台面 + 金属底座
✓ 一桌提升整个空间格调
✓ 耐磨耐高温不怕烫
✓ 专属定制独一无二
✓ 轻奢质感拉满

📐 规格：2000×1500mm
🏷️ 材质：烧结石 / 天然奢石

—— 适用场景 ——

▸ 客厅
▸ 餐厅
▸ 玄关
▸ 书房
▸ 茶室
▸ 吧台

同款/其他花色可定制，
想要了解更多评论区扣「1」或私信～
",#威尼斯棕 #棕色奢石 #美式装修 #复古风 #高级感 #烧结石
1405614,威尼斯棕1600X900,furniture,Venice Brown,2000×1500mm,威尼斯棕实拍｜高级感拿捏了,"终于等到这款威尼斯棕了！

为了客厅的高级感，
挑了好久终于入手这款威尼斯棕。

—— 为什么选它 ——

✓ 奢石台面 + 金属底座
✓ 一桌提升整个空间格调
✓ 耐磨耐高温不怕烫
✓ 专属定制独一无二
✓ 轻奢质感拉满

📐 规格：2000×1500mm
🏷️ 材质：烧结石 / 天然奢石

—— 适用场景 ——

▸ 客厅
▸ 餐厅
▸ 玄关
▸ 书房
▸ 茶室
▸ 吧台

同款/其他花色可定制，
想要了解更多评论区扣「1」或私信～
",#威尼斯棕 #棕色奢石 #美式装修 #复古风 #高级感 #烧结石
1591017,芬迪白FFF-PYD705,slab,Fendi White,1789×1280mm,别墅同款芬迪白｜一面墙封神,"终于等到这款芬迪白了！

做了很久背景墙功课，
看到这块芬迪白实景的瞬间，直接定下来。

—— 为什么选它 ——

✓ 一板到顶无缝拼接
✓ 耐高温防刮耐磨
✓ 天然纹理独一无二
✓ 抗污易清洁
✓ 不褪色抗UV

📐 规格：1789×1280mm
🏷️ 材质：烧结石 / 天然奢石

—— 适用场景 ——

▸ 客厅电视背景墙
▸ 沙发背景墙
▸ 餐厅背景墙
▸ 玄关背景
▸ 卫生间墙面
▸ 厨房台面

同款/其他花色可定制，
想要了解更多评论区扣「1」或私信～
",#芬迪白 #白色奢石 #极简风装修 #高级感 #背景墙 #烧结石
1405141,芬迪白1800X900,furniture,Fendi White,2000×1500mm,被邻居追着问的芬迪白！,"终于等到这款芬迪白了！

为了客厅的高级感，
挑了好久终于入手这款芬迪白。

—— 为什么选它 ——

✓ 奢石台面 + 金属底座
✓ 一桌提升整个空间格调
✓ 耐磨耐高温不怕烫
✓ 专属定制独一无二
✓ 轻奢质感拉满

📐 规格：2000×1500mm
🏷️ 材质：烧结石 / 天然奢石

—— 适用场景 ——

▸ 客厅
▸ 餐厅
▸ 玄关
▸ 书房
▸ 茶室
▸ 吧台

同款/其他花色可定制，
想要了解更多评论区扣「1」或私信～
",#芬迪白 #白色奢石 #极简风装修 #高级感 #背景墙 #烧结石
1436291,芬迪白FL1080,slab,Fendi White,2000×1500mm,被问疯了！芬迪白背景墙实景,"终于等到这款芬迪白了！

做了很久背景墙功课，
看到这块芬迪白实景的瞬间，直接定下来。

—— 为什么选它 ——

✓ 一板到顶无缝拼接
✓ 耐高温防刮耐磨
✓ 天然纹理独一无二
✓ 抗污易清洁
✓ 不褪色抗UV

📐 规格：2000×1500mm
🏷️ 材质：烧结石 / 天然奢石

—— 适用场景 ——

▸ 客厅电视背景墙
▸ 沙发背景墙
▸ 餐厅背景墙
▸ 玄关背景
▸ 卫生间墙面
▸ 厨房台面

同款/其他花色可定制，
想要了解更多评论区扣「1」或私信～
",#芬迪白 #白色奢石 #极简风装修 #高级感 #背景墙 #烧结石
1591426,100200F033芬迪白1000X2000,furniture,Fendi White,2000×1500mm,被邻居追着问的芬迪白！,"终于等到这款芬迪白了！

为了客厅的高级感，
挑了好久终于入手这款芬迪白。

—— 为什么选它 ——

✓ 奢石台面 + 金属底座
✓ 一桌提升整个空间格调
✓ 耐磨耐高温不怕烫
✓ 专属定制独一无二
✓ 轻奢质感拉满

📐 规格：2000×1500mm
🏷️ 材质：烧结石 / 天然奢石

—— 适用场景 ——

▸ 客厅
▸ 餐厅
▸ 玄关
▸ 书房
▸ 茶室
▸ 吧台

同款/其他花色可定制，
想要了解更多评论区扣「1」或私信～
",#芬迪白 #白色奢石 #极简风装修 #高级感 #背景墙 #烧结石
1481470,新芬迪白HU01335,slab,Fendi White,2100×1576mm,芬迪白奢石｜客厅电视背景墙高级感天花板,"终于等到这款芬迪白了！

做了很久背景墙功课，
看到这块芬迪白实景的瞬间，直接定下来。

—— 为什么选它 ——

✓ 一板到顶无缝拼接
✓ 耐高温防刮耐磨
✓ 天然纹理独一无二
✓ 抗污易清洁
✓ 不褪色抗UV

📐 规格：2100×1576mm
🏷️ 材质：烧结石 / 天然奢石

—— 适用场景 ——

▸ 客厅电视背景墙
▸ 沙发背景墙
▸ 餐厅背景墙
▸ 玄关背景
▸ 卫生间墙面
▸ 厨房台面

同款/其他花色可定制，
想要了解更多评论区扣「1」或私信～
",#芬迪白 #白色奢石 #极简风装修 #高级感 #背景墙 #烧结石
1394278,亚马逊绿FL0607,slab,Amazon Green,1636×2181mm,亚马逊绿烧结石｜一板到顶无缝拼接,"终于等到这款亚马逊绿了！

做了很久背景墙功课，
看到这块亚马逊绿实景的瞬间，直接定下来。

—— 为什么选它 ——

✓ 一板到顶无缝拼接
✓ 耐高温防刮耐磨
✓ 天然纹理独一无二
✓ 抗污易清洁
✓ 不褪色抗UV

📐 规格：1636×2181mm
🏷️ 材质：烧结石 / 天然奢石

—— 适用场景 ——

▸ 客厅电视背景墙
▸ 沙发背景墙
▸ 餐厅背景墙
▸ 玄关背景
▸ 卫生间墙面
▸ 厨房台面

同款/其他花色可定制，
想要了解更多评论区扣「1」或私信～
",#亚马逊绿 #奢石 #网红背景墙 #绿色系 #别墅装修 #大平层
1394282,亚马逊绿FL0001,slab,Amazon Green,2000×1500mm,别墅同款亚马逊绿｜一面墙封神,"终于等到这款亚马逊绿了！

做了很久背景墙功课，
看到这块亚马逊绿实景的瞬间，直接定下来。

—— 为什么选它 ——

✓ 一板到顶无缝拼接
✓ 耐高温防刮耐磨
✓ 天然纹理独一无二
✓ 抗污易清洁
✓ 不褪色抗UV

📐 规格：2000×1500mm
🏷️ 材质：烧结石 / 天然奢石

—— 适用场景 ——

▸ 客厅电视背景墙
▸ 沙发背景墙
▸ 餐厅背景墙
▸ 玄关背景
▸ 卫生间墙面
▸ 厨房台面

同款/其他花色可定制，
想要了解更多评论区扣「1」或私信～
",#亚马逊绿 #奢石 #网红背景墙 #绿色系 #别墅装修 #大平层
1427071,亚马逊绿FLKMR,slab,Amazon Green,2000×1500mm,被问疯了！亚马逊绿背景墙实景,"终于等到这款亚马逊绿了！

做了很久背景墙功课，
看到这块亚马逊绿实景的瞬间，直接定下来。

—— 为什么选它 ——

✓ 一板到顶无缝拼接
✓ 耐高温防刮耐磨
✓ 天然纹理独一无二
✓ 抗污易清洁
✓ 不褪色抗UV

📐 规格：2000×1500mm
🏷️ 材质：烧结石 / 天然奢石

—— 适用场景 ——

▸ 客厅电视背景墙
▸ 沙发背景墙
▸ 餐厅背景墙
▸ 玄关背景
▸ 卫生间墙面
▸ 厨房台面

同款/其他花色可定制，
想要了解更多评论区扣「1」或私信～
",#亚马逊绿 #奢石 #网红背景墙 #绿色系 #别墅装修 #大平层
1397964,亚马逊绿NXYMXL24020,slab,Amazon Green,2181×1636mm,颜值暴击！亚马逊绿大板实景分享,"终于等到这款亚马逊绿了！

做了很久背景墙功课，
看到这块亚马逊绿实景的瞬间，直接定下来。

—— 为什么选它 ——

✓ 一板到顶无缝拼接
✓ 耐高温防刮耐磨
✓ 天然纹理独一无二
✓ 抗污易清洁
✓ 不褪色抗UV

📐 规格：2181×1636mm
🏷️ 材质：烧结石 / 天然奢石

—— 适用场景 ——

▸ 客厅电视背景墙
▸ 沙发背景墙
▸ 餐厅背景墙
▸ 玄关背景
▸ 卫生间墙面
▸ 厨房台面

同款/其他花色可定制，
想要了解更多评论区扣「1」或私信～
",#亚马逊绿 #奢石 #网红背景墙 #绿色系 #别墅装修 #大平层
1427072,亚马逊绿24025,slab,Amazon Green,2000×1500mm,别墅同款亚马逊绿｜一面墙封神,"终于等到这款亚马逊绿了！

做了很久背景墙功课，
看到这块亚马逊绿实景的瞬间，直接定下来。

—— 为什么选它 ——

✓ 一板到顶无缝拼接
✓ 耐高温防刮耐磨
✓ 天然纹理独一无二
✓ 抗污易清洁
✓ 不褪色抗UV

📐 规格：2000×1500mm
🏷️ 材质：烧结石 / 天然奢石

—— 适用场景 ——

▸ 客厅电视背景墙
▸ 沙发背景墙
▸ 餐厅背景墙
▸ 玄关背景
▸ 卫生间墙面
▸ 厨房台面

同款/其他花色可定制，
想要了解更多评论区扣「1」或私信～
",#亚马逊绿 #奢石 #网红背景墙 #绿色系 #别墅装修 #大平层
1480572,蓝翡翠,furniture,Tea Table,2000×1500mm,奢石茶几推荐｜客厅颜值担当,"终于等到这款奢石茶几了！

为了客厅的高级感，
挑了好久终于入手这款奢石茶几。

—— 为什么选它 ——

✓ 奢石台面 + 金属底座
✓ 一桌提升整个空间格调
✓ 耐磨耐高温不怕烫
✓ 专属定制独一无二
✓ 轻奢质感拉满

📐 规格：2000×1500mm
🏷️ 材质：烧结石 / 天然奢石

—— 适用场景 ——

▸ 客厅
▸ 餐厅
▸ 玄关
▸ 书房
▸ 茶室
▸ 吧台

同款/其他花色可定制，
想要了解更多评论区扣「1」或私信～
",#奢石茶几 #客厅茶几 #高级感客厅 #烧结石 #家具 #装修
1478487,芬迪白,furniture,Tea Table,2000×1500mm,奢石茶几推荐｜客厅颜值担当,"终于等到这款奢石茶几了！

为了客厅的高级感，
挑了好久终于入手这款奢石茶几。

—— 为什么选它 ——

✓ 奢石台面 + 金属底座
✓ 一桌提升整个空间格调
✓ 耐磨耐高温不怕烫
✓ 专属定制独一无二
✓ 轻奢质感拉满

📐 规格：2000×1500mm
🏷️ 材质：烧结石 / 天然奢石

—— 适用场景 ——

▸ 客厅
▸ 餐厅
▸ 玄关
▸ 书房
▸ 茶室
▸ 吧台

同款/其他花色可定制，
想要了解更多评论区扣「1」或私信～
",#奢石茶几 #客厅茶几 #高级感客厅 #烧结石 #家具 #装修
1480571,蓝翡翠,furniture,Tea Table,2000×1500mm,被邻居追着问的奢石茶几！,"终于等到这款奢石茶几了！

为了客厅的高级感，
挑了好久终于入手这款奢石茶几。

—— 为什么选它 ——

✓ 奢石台面 + 金属底座
✓ 一桌提升整个空间格调
✓ 耐磨耐高温不怕烫
✓ 专属定制独一无二
✓ 轻奢质感拉满

📐 规格：2000×1500mm
🏷️ 材质：烧结石 / 天然奢石

—— 适用场景 ——

▸ 客厅
▸ 餐厅
▸ 玄关
▸ 书房
▸ 茶室
▸ 吧台

同款/其他花色可定制，
想要了解更多评论区扣「1」或私信～
",#奢石茶几 #客厅茶几 #高级感客厅 #烧结石 #家具 #装修
1432058,潘多拉 600*1200,furniture,Tea Table,4032×3024mm,一眼爱上的奢石茶几，轻奢必备,"终于等到这款奢石茶几了！

为了客厅的高级感，
挑了好久终于入手这款奢石茶几。

—— 为什么选它 ——

✓ 奢石台面 + 金属底座
✓ 一桌提升整个空间格调
✓ 耐磨耐高温不怕烫
✓ 专属定制独一无二
✓ 轻奢质感拉满

📐 规格：4032×3024mm
🏷️ 材质：烧结石 / 天然奢石

—— 适用场景 ——

▸ 客厅
▸ 餐厅
▸ 玄关
▸ 书房
▸ 茶室
▸ 吧台

同款/其他花色可定制，
想要了解更多评论区扣「1」或私信～
",#奢石茶几 #客厅茶几 #高级感客厅 #烧结石 #家具 #装修
1478475,蓝翡翠700X1400,furniture,Tea Table,2000×1500mm,奢石茶几｜提升客厅格调的秘密,"终于等到这款奢石茶几了！

为了客厅的高级感，
挑了好久终于入手这款奢石茶几。

—— 为什么选它 ——

✓ 奢石台面 + 金属底座
✓ 一桌提升整个空间格调
✓ 耐磨耐高温不怕烫
✓ 专属定制独一无二
✓ 轻奢质感拉满

📐 规格：2000×1500mm
🏷️ 材质：烧结石 / 天然奢石

—— 适用场景 ——

▸ 客厅
▸ 餐厅
▸ 玄关
▸ 书房
▸ 茶室
▸ 吧台

同款/其他花色可定制，
想要了解更多评论区扣「1」或私信～
",#奢石茶几 #客厅茶几 #高级感客厅 #烧结石 #家具 #装修
1403971,蓝水晶1600X900,furniture,Blue Crystal,2000×1500mm,被邻居追着问的奢石！,"终于等到这款奢石了！

为了客厅的高级感，
挑了好久终于入手这款奢石。

—— 为什么选它 ——

✓ 奢石台面 + 金属底座
✓ 一桌提升整个空间格调
✓ 耐磨耐高温不怕烫
✓ 专属定制独一无二
✓ 轻奢质感拉满

📐 规格：2000×1500mm
🏷️ 材质：烧结石 / 天然奢石

—— 适用场景 ——

▸ 客厅
▸ 餐厅
▸ 玄关
▸ 书房
▸ 茶室
▸ 吧台

同款/其他花色可定制，
想要了解更多评论区扣「1」或私信～
",#奢石 #高级感装修 #烧结石 #背景墙 #别墅 #装修灵感
1391281,蓝水晶180x90,furniture,Blue Crystal,2000×1500mm,被邻居追着问的奢石！,"终于等到这款奢石了！

为了客厅的高级感，
挑了好久终于入手这款奢石。

—— 为什么选它 ——

✓ 奢石台面 + 金属底座
✓ 一桌提升整个空间格调
✓ 耐磨耐高温不怕烫
✓ 专属定制独一无二
✓ 轻奢质感拉满

📐 规格：2000×1500mm
🏷️ 材质：烧结石 / 天然奢石

—— 适用场景 ——

▸ 客厅
▸ 餐厅
▸ 玄关
▸ 书房
▸ 茶室
▸ 吧台

同款/其他花色可定制，
想要了解更多评论区扣「1」或私信～
",#奢石 #高级感装修 #烧结石 #背景墙 #别墅 #装修灵感
1632761,红153/175 蓝水晶150+90,furniture,Blue Crystal,2000×1500mm,被邻居追着问的奢石！,"终于等到这款奢石了！

为了客厅的高级感，
挑了好久终于入手这款奢石。

—— 为什么选它 ——

✓ 奢石台面 + 金属底座
✓ 一桌提升整个空间格调
✓ 耐磨耐高温不怕烫
✓ 专属定制独一无二
✓ 轻奢质感拉满

📐 规格：2000×1500mm
🏷️ 材质：烧结石 / 天然奢石

—— 适用场景 ——

▸ 客厅
▸ 餐厅
▸ 玄关
▸ 书房
▸ 茶室
▸ 吧台

同款/其他花色可定制，
想要了解更多评论区扣「1」或私信～
",#奢石 #高级感装修 #烧结石 #背景墙 #别墅 #装修灵感
1403882,蓝水晶2200X1000,furniture,Blue Crystal,2000×1500mm,奢石推荐｜客厅颜值担当,"终于等到这款奢石了！

为了客厅的高级感，
挑了好久终于入手这款奢石。

—— 为什么选它 ——

✓ 奢石台面 + 金属底座
✓ 一桌提升整个空间格调
✓ 耐磨耐高温不怕烫
✓ 专属定制独一无二
✓ 轻奢质感拉满

📐 规格：2000×1500mm
🏷️ 材质：烧结石 / 天然奢石

—— 适用场景 ——

▸ 客厅
▸ 餐厅
▸ 玄关
▸ 书房
▸ 茶室
▸ 吧台

同款/其他花色可定制，
想要了解更多评论区扣「1」或私信～
",#奢石 #高级感装修 #烧结石 #背景墙 #别墅 #装修灵感
1408499,蓝水晶1600X900,furniture,Blue Crystal,2000×2666mm,奢石实拍｜高级感拿捏了,"终于等到这款奢石了！

为了客厅的高级感，
挑了好久终于入手这款奢石。

—— 为什么选它 ——

✓ 奢石台面 + 金属底座
✓ 一桌提升整个空间格调
✓ 耐磨耐高温不怕烫
✓ 专属定制独一无二
✓ 轻奢质感拉满

📐 规格：2000×2666mm
🏷️ 材质：烧结石 / 天然奢石

—— 适用场景 ——

▸ 客厅
▸ 餐厅
▸ 玄关
▸ 书房
▸ 茶室
▸ 吧台

同款/其他花色可定制，
想要了解更多评论区扣「1」或私信～
",#奢石 #高级感装修 #烧结石 #背景墙 #别墅 #装修灵感
1427495,大花白2349,slab,White Flower,2000×1500mm,奢石奢石｜客厅电视背景墙高级感天花板,"终于等到这款奢石了！

做了很久背景墙功课，
看到这块奢石实景的瞬间，直接定下来。

—— 为什么选它 ——

✓ 一板到顶无缝拼接
✓ 耐高温防刮耐磨
✓ 天然纹理独一无二
✓ 抗污易清洁
✓ 不褪色抗UV

📐 规格：2000×1500mm
🏷️ 材质：烧结石 / 天然奢石

—— 适用场景 ——

▸ 客厅电视背景墙
▸ 沙发背景墙
▸ 餐厅背景墙
▸ 玄关背景
▸ 卫生间墙面
▸ 厨房台面

同款/其他花色可定制，
想要了解更多评论区扣「1」或私信～
",#奢石 #高级感装修 #烧结石 #背景墙 #别墅 #装修灵感
1523981,大花白9266,slab,White Flower,2100×1576mm,被问疯了！奢石背景墙实景,"终于等到这款奢石了！

做了很久背景墙功课，
看到这块奢石实景的瞬间，直接定下来。

—— 为什么选它 ——

✓ 一板到顶无缝拼接
✓ 耐高温防刮耐磨
✓ 天然纹理独一无二
✓ 抗污易清洁
✓ 不褪色抗UV

📐 规格：2100×1576mm
🏷️ 材质：烧结石 / 天然奢石

—— 适用场景 ——

▸ 客厅电视背景墙
▸ 沙发背景墙
▸ 餐厅背景墙
▸ 玄关背景
▸ 卫生间墙面
▸ 厨房台面

同款/其他花色可定制，
想要了解更多评论区扣「1」或私信～
",#奢石 #高级感装修 #烧结石 #背景墙 #别墅 #装修灵感
1925430,2336-9261大花白 3X1.56/2.97X1.54,slab,White Flower,2000×1500mm,奢石奢石｜客厅电视背景墙高级感天花板,"终于等到这款奢石了！

做了很久背景墙功课，
看到这块奢石实景的瞬间，直接定下来。

—— 为什么选它 ——

✓ 一板到顶无缝拼接
✓ 耐高温防刮耐磨
✓ 天然纹理独一无二
✓ 抗污易清洁
✓ 不褪色抗UV

📐 规格：2000×1500mm
🏷️ 材质：烧结石 / 天然奢石

—— 适用场景 ——

▸ 客厅电视背景墙
▸ 沙发背景墙
▸ 餐厅背景墙
▸ 玄关背景
▸ 卫生间墙面
▸ 厨房台面

同款/其他花色可定制，
想要了解更多评论区扣「1」或私信～
",#奢石 #高级感装修 #烧结石 #背景墙 #别墅 #装修灵感
1960981,150705 大花白2.76*1.7,slab,White Flower,2000×1500mm,被问疯了！奢石背景墙实景,"终于等到这款奢石了！

做了很久背景墙功课，
看到这块奢石实景的瞬间，直接定下来。

—— 为什么选它 ——

✓ 一板到顶无缝拼接
✓ 耐高温防刮耐磨
✓ 天然纹理独一无二
✓ 抗污易清洁
✓ 不褪色抗UV

📐 规格：2000×1500mm
🏷️ 材质：烧结石 / 天然奢石

—— 适用场景 ——

▸ 客厅电视背景墙
▸ 沙发背景墙
▸ 餐厅背景墙
▸ 玄关背景
▸ 卫生间墙面
▸ 厨房台面

同款/其他花色可定制，
想要了解更多评论区扣「1」或私信～
",#奢石 #高级感装修 #烧结石 #背景墙 #别墅 #装修灵感
1819624,大花白75+130,furniture,White Flower,2000×1500mm,奢石实拍｜高级感拿捏了,"终于等到这款奢石了！

为了客厅的高级感，
挑了好久终于入手这款奢石。

—— 为什么选它 ——

✓ 奢石台面 + 金属底座
✓ 一桌提升整个空间格调
✓ 耐磨耐高温不怕烫
✓ 专属定制独一无二
✓ 轻奢质感拉满

📐 规格：2000×1500mm
🏷️ 材质：烧结石 / 天然奢石

—— 适用场景 ——

▸ 客厅
▸ 餐厅
▸ 玄关
▸ 书房
▸ 茶室
▸ 吧台

同款/其他花色可定制，
想要了解更多评论区扣「1」或私信～
",#奢石 #高级感装修 #烧结石 #背景墙 #别墅 #装修灵感
1530635,FS-XG01 月亮玄关,accessory,Console,315×248mm,奢石玄关柜选款指南，建议收藏,"终于等到这款奢石玄关柜了！

终于找到满意的了。

—— 为什么选它 ——

✓ 搭配奢石台面
✓ 稳固耐用
✓ 极简设计
✓ 可定制尺寸
✓ 质感金属

📐 规格：315×248mm
🏷️ 材质：烧结石 / 天然奢石

—— 适用场景 ——

▸ 茶几底座
▸ 餐桌底座
▸ 吧台
▸ 玄关柜

同款/其他花色可定制，
想要了解更多评论区扣「1」或私信～
",#玄关柜 #奢石 #玄关设计 #高级感 #入户 #装修
1529998,LV玄关,accessory,Console,845×531mm,奢石玄关柜搭配｜装修细节加分项,"终于等到这款奢石玄关柜了！

终于找到满意的了。

—— 为什么选它 ——

✓ 搭配奢石台面
✓ 稳固耐用
✓ 极简设计
✓ 可定制尺寸
✓ 质感金属

📐 规格：845×531mm
🏷️ 材质：烧结石 / 天然奢石

—— 适用场景 ——

▸ 茶几底座
▸ 餐桌底座
▸ 吧台
▸ 玄关柜

同款/其他花色可定制，
想要了解更多评论区扣「1」或私信～
",#玄关柜 #奢石 #玄关设计 #高级感 #入户 #装修
1533665,玄关底座,accessory,Console,248×261mm,奢石玄关柜选款指南，建议收藏,"终于等到这款奢石玄关柜了！

终于找到满意的了。

—— 为什么选它 ——

✓ 搭配奢石台面
✓ 稳固耐用
✓ 极简设计
✓ 可定制尺寸
✓ 质感金属

📐 规格：248×261mm
🏷️ 材质：烧结石 / 天然奢石

—— 适用场景 ——

▸ 茶几底座
▸ 餐桌底座
▸ 吧台
▸ 玄关柜

同款/其他花色可定制，
想要了解更多评论区扣「1」或私信～
",#玄关柜 #奢石 #玄关设计 #高级感 #入户 #装修
1532949,YCZ9119 玄关,accessory,Console,1080×1440mm,奢石玄关柜选款指南，建议收藏,"终于等到这款奢石玄关柜了！

终于找到满意的了。

—— 为什么选它 ——

✓ 搭配奢石台面
✓ 稳固耐用
✓ 极简设计
✓ 可定制尺寸
✓ 质感金属

📐 规格：1080×1440mm
🏷️ 材质：烧结石 / 天然奢石

—— 适用场景 ——

▸ 茶几底座
▸ 餐桌底座
▸ 吧台
▸ 玄关柜

同款/其他花色可定制，
想要了解更多评论区扣「1」或私信～
",#玄关柜 #奢石 #玄关设计 #高级感 #入户 #装修
1530000,YCZ9117 玄关,accessory,Console,1076×1064mm,奢石玄关柜搭配｜装修细节加分项,"终于等到这款奢石玄关柜了！

终于找到满意的了。

—— 为什么选它 ——

✓ 搭配奢石台面
✓ 稳固耐用
✓ 极简设计
✓ 可定制尺寸
✓ 质感金属

📐 规格：1076×1064mm
🏷️ 材质：烧结石 / 天然奢石

—— 适用场景 ——

▸ 茶几底座
▸ 餐桌底座
▸ 吧台
▸ 玄关柜

同款/其他花色可定制，
想要了解更多评论区扣「1」或私信～
",#玄关柜 #奢石 #玄关设计 #高级感 #入户 #装修
1537608,水滴型餐桌 (2),case,Dining Table,1080×1920mm,奢石餐桌实景落地｜效果绝了,"终于等到这款奢石餐桌了！

终于找到满意的了。

—— 为什么选它 ——

✓ 实景落地效果
✓ 设计还原度高
✓ 空间氛围感拉满

📐 规格：1080×1920mm
🏷️ 材质：烧结石 / 天然奢石

—— 适用场景 ——

▸ 别墅
▸ 大平层
▸ 样板间
▸ 酒店
▸ 会所

同款/其他花色可定制，
想要了解更多评论区扣「1」或私信～
",#奢石餐桌 #餐厅 #高级感 #烧结石 #餐桌推荐 #装修
1425685,异形餐桌案例 (29),case,Dining Table,1284×1669mm,奢石餐桌完工案例，设计还原度100%,"终于等到这款奢石餐桌了！

终于找到满意的了。

—— 为什么选它 ——

✓ 实景落地效果
✓ 设计还原度高
✓ 空间氛围感拉满

📐 规格：1284×1669mm
🏷️ 材质：烧结石 / 天然奢石

—— 适用场景 ——

▸ 别墅
▸ 大平层
▸ 样板间
▸ 酒店
▸ 会所

同款/其他花色可定制，
想要了解更多评论区扣「1」或私信～
",#奢石餐桌 #餐厅 #高级感 #烧结石 #餐桌推荐 #装修
1425686,异形餐桌案例 (26),case,Dining Table,1284×1678mm,奢石餐桌实景落地｜效果绝了,"终于等到这款奢石餐桌了！

终于找到满意的了。

—— 为什么选它 ——

✓ 实景落地效果
✓ 设计还原度高
✓ 空间氛围感拉满

📐 规格：1284×1678mm
🏷️ 材质：烧结石 / 天然奢石

—— 适用场景 ——

▸ 别墅
▸ 大平层
▸ 样板间
▸ 酒店
▸ 会所

同款/其他花色可定制，
想要了解更多评论区扣「1」或私信～
",#奢石餐桌 #餐厅 #高级感 #烧结石 #餐桌推荐 #装修
1425687,异形餐桌案例 (23),case,Dining Table,1284×1630mm,奢石餐桌完工案例，设计还原度100%,"终于等到这款奢石餐桌了！

终于找到满意的了。

—— 为什么选它 ——

✓ 实景落地效果
✓ 设计还原度高
✓ 空间氛围感拉满

📐 规格：1284×1630mm
🏷️ 材质：烧结石 / 天然奢石

—— 适用场景 ——

▸ 别墅
▸ 大平层
▸ 样板间
▸ 酒店
▸ 会所

同款/其他花色可定制，
想要了解更多评论区扣「1」或私信～
",#奢石餐桌 #餐厅 #高级感 #烧结石 #餐桌推荐 #装修
1425684,异形餐桌案例 (31),case,Dining Table,1284×1681mm,奢石餐桌实景落地｜效果绝了,"终于等到这款奢石餐桌了！

终于找到满意的了。

—— 为什么选它 ——

✓ 实景落地效果
✓ 设计还原度高
✓ 空间氛围感拉满

📐 规格：1284×1681mm
🏷️ 材质：烧结石 / 天然奢石

—— 适用场景 ——

▸ 别墅
▸ 大平层
▸ 样板间
▸ 酒店
▸ 会所

同款/其他花色可定制，
想要了解更多评论区扣「1」或私信～
",#奢石餐桌 #餐厅 #高级感 #烧结石 #餐桌推荐 #装修
1525625,宇宙金241,slab,Cosmic Gold,2000×1500mm,宇宙金奢石｜客厅电视背景墙高级感天花板,"终于等到这款宇宙金了！

做了很久背景墙功课，
看到这块宇宙金实景的瞬间，直接定下来。

—— 为什么选它 ——

✓ 一板到顶无缝拼接
✓ 耐高温防刮耐磨
✓ 天然纹理独一无二
✓ 抗污易清洁
✓ 不褪色抗UV

📐 规格：2000×1500mm
🏷️ 材质：烧结石 / 天然奢石

—— 适用场景 ——

▸ 客厅电视背景墙
▸ 沙发背景墙
▸ 餐厅背景墙
▸ 玄关背景
▸ 卫生间墙面
▸ 厨房台面

同款/其他花色可定制，
想要了解更多评论区扣「1」或私信～
",#宇宙金 #金色奢石 #轻奢装修 #高级感 #背景墙 #大平层
1669633,宇宙金150+90,furniture,Cosmic Gold,2000×1500mm,一眼爱上的宇宙金，轻奢必备,"终于等到这款宇宙金了！

为了客厅的高级感，
挑了好久终于入手这款宇宙金。

—— 为什么选它 ——

✓ 奢石台面 + 金属底座
✓ 一桌提升整个空间格调
✓ 耐磨耐高温不怕烫
✓ 专属定制独一无二
✓ 轻奢质感拉满

📐 规格：2000×1500mm
🏷️ 材质：烧结石 / 天然奢石

—— 适用场景 ——

▸ 客厅
▸ 餐厅
▸ 玄关
▸ 书房
▸ 茶室
▸ 吧台

同款/其他花色可定制，
想要了解更多评论区扣「1」或私信～
",#宇宙金 #金色奢石 #轻奢装修 #高级感 #背景墙 #大平层
1568945,宇宙金241,slab,Cosmic Gold,2000×1500mm,宇宙金奢石｜客厅电视背景墙高级感天花板,"终于等到这款宇宙金了！

做了很久背景墙功课，
看到这块宇宙金实景的瞬间，直接定下来。

—— 为什么选它 ——

✓ 一板到顶无缝拼接
✓ 耐高温防刮耐磨
✓ 天然纹理独一无二
✓ 抗污易清洁
✓ 不褪色抗UV

📐 规格：2000×1500mm
🏷️ 材质：烧结石 / 天然奢石

—— 适用场景 ——

▸ 客厅电视背景墙
▸ 沙发背景墙
▸ 餐厅背景墙
▸ 玄关背景
▸ 卫生间墙面
▸ 厨房台面

同款/其他花色可定制，
想要了解更多评论区扣「1」或私信～
",#宇宙金 #金色奢石 #轻奢装修 #高级感 #背景墙 #大平层
1568946,宇宙金241,slab,Cosmic Gold,2000×1500mm,被问疯了！宇宙金背景墙实景,"终于等到这款宇宙金了！

做了很久背景墙功课，
看到这块宇宙金实景的瞬间，直接定下来。

—— 为什么选它 ——

✓ 一板到顶无缝拼接
✓ 耐高温防刮耐磨
✓ 天然纹理独一无二
✓ 抗污易清洁
✓ 不褪色抗UV

📐 规格：2000×1500mm
🏷️ 材质：烧结石 / 天然奢石

—— 适用场景 ——

▸ 客厅电视背景墙
▸ 沙发背景墙
▸ 餐厅背景墙
▸ 玄关背景
▸ 卫生间墙面
▸ 厨房台面

同款/其他花色可定制，
想要了解更多评论区扣「1」或私信～
",#宇宙金 #金色奢石 #轻奢装修 #高级感 #背景墙 #大平层
1705208,宇宙金150+87,furniture,Cosmic Gold,2000×2666mm,一眼爱上的宇宙金，轻奢必备,"终于等到这款宇宙金了！

为了客厅的高级感，
挑了好久终于入手这款宇宙金。

—— 为什么选它 ——

✓ 奢石台面 + 金属底座
✓ 一桌提升整个空间格调
✓ 耐磨耐高温不怕烫
✓ 专属定制独一无二
✓ 轻奢质感拉满

📐 规格：2000×2666mm
🏷️ 材质：烧结石 / 天然奢石

—— 适用场景 ——

▸ 客厅
▸ 餐厅
▸ 玄关
▸ 书房
▸ 茶室
▸ 吧台

同款/其他花色可定制，
想要了解更多评论区扣「1」或私信～
",#宇宙金 #金色奢石 #轻奢装修 #高级感 #背景墙 #大平层
1593654,Y135F040+Y80F041 芬迪绿135+80,furniture,Fendi Green,2000×1500mm,奢石实拍｜高级感拿捏了,"终于等到这款奢石了！

为了客厅的高级感，
挑了好久终于入手这款奢石。

—— 为什么选它 ——

✓ 奢石台面 + 金属底座
✓ 一桌提升整个空间格调
✓ 耐磨耐高温不怕烫
✓ 专属定制独一无二
✓ 轻奢质感拉满

📐 规格：2000×1500mm
🏷️ 材质：烧结石 / 天然奢石

—— 适用场景 ——

▸ 客厅
▸ 餐厅
▸ 玄关
▸ 书房
▸ 茶室
▸ 吧台

同款/其他花色可定制，
想要了解更多评论区扣「1」或私信～
",#奢石 #高级感装修 #烧结石 #背景墙 #别墅 #装修灵感
2027869,90180Y779 云母绿180*90,furniture,Fendi Green,2000×1500mm,奢石实拍｜高级感拿捏了,"终于等到这款奢石了！

为了客厅的高级感，
挑了好久终于入手这款奢石。

—— 为什么选它 ——

✓ 奢石台面 + 金属底座
✓ 一桌提升整个空间格调
✓ 耐磨耐高温不怕烫
✓ 专属定制独一无二
✓ 轻奢质感拉满

📐 规格：2000×1500mm
🏷️ 材质：烧结石 / 天然奢石

—— 适用场景 ——

▸ 客厅
▸ 餐厅
▸ 玄关
▸ 书房
▸ 茶室
▸ 吧台

同款/其他花色可定制，
想要了解更多评论区扣「1」或私信～
",#奢石 #高级感装修 #烧结石 #背景墙 #别墅 #装修灵感
1720336,Y135Y259+Y80Y260 云母绿135+80,furniture,Fendi Green,577×432mm,被邻居追着问的奢石！,"终于等到这款奢石了！

为了客厅的高级感，
挑了好久终于入手这款奢石。

—— 为什么选它 ——

✓ 奢石台面 + 金属底座
✓ 一桌提升整个空间格调
✓ 耐磨耐高温不怕烫
✓ 专属定制独一无二
✓ 轻奢质感拉满

📐 规格：577×432mm
🏷️ 材质：烧结石 / 天然奢石

—— 适用场景 ——

▸ 客厅
▸ 餐厅
▸ 玄关
▸ 书房
▸ 茶室
▸ 吧台

同款/其他花色可定制，
想要了解更多评论区扣「1」或私信～
",#奢石 #高级感装修 #烧结石 #背景墙 #别墅 #装修灵感
1901655,Y135Y559+Y80Y560 云母绿135+80,furniture,Fendi Green,2000×2000mm,奢石｜提升客厅格调的秘密,"终于等到这款奢石了！

为了客厅的高级感，
挑了好久终于入手这款奢石。

—— 为什么选它 ——

✓ 奢石台面 + 金属底座
✓ 一桌提升整个空间格调
✓ 耐磨耐高温不怕烫
✓ 专属定制独一无二
✓ 轻奢质感拉满

📐 规格：2000×2000mm
🏷️ 材质：烧结石 / 天然奢石

—— 适用场景 ——

▸ 客厅
▸ 餐厅
▸ 玄关
▸ 书房
▸ 茶室
▸ 吧台

同款/其他花色可定制，
想要了解更多评论区扣「1」或私信～
",#奢石 #高级感装修 #烧结石 #背景墙 #别墅 #装修灵感
1833321,Y150Y475+Y90Y476 云母绿150+90,furniture,Fendi Green,2000×2000mm,被邻居追着问的奢石！,"终于等到这款奢石了！

为了客厅的高级感，
挑了好久终于入手这款奢石。

—— 为什么选它 ——

✓ 奢石台面 + 金属底座
✓ 一桌提升整个空间格调
✓ 耐磨耐高温不怕烫
✓ 专属定制独一无二
✓ 轻奢质感拉满

📐 规格：2000×2000mm
🏷️ 材质：烧结石 / 天然奢石

—— 适用场景 ——

▸ 客厅
▸ 餐厅
▸ 玄关
▸ 书房
▸ 茶室
▸ 吧台

同款/其他花色可定制，
想要了解更多评论区扣「1」或私信～
",#奢石 #高级感装修 #烧结石 #背景墙 #别墅 #装修灵感
1425491,岛台案例 (5),case,天然奢石,1284×1671mm,天然奢石完工案例，设计还原度100%,"终于等到这款天然奢石了！

终于找到满意的了。

—— 为什么选它 ——

✓ 实景落地效果
✓ 设计还原度高
✓ 空间氛围感拉满

📐 规格：1284×1671mm
🏷️ 材质：烧结石 / 天然奢石

—— 适用场景 ——

▸ 别墅
▸ 大平层
▸ 样板间
▸ 酒店
▸ 会所

同款/其他花色可定制，
想要了解更多评论区扣「1」或私信～
",#天然奢石 #奢石 #背景墙 #高级感 #别墅装修 #大自然
1425484,岛台案例 (26),case,天然奢石,1284×1667mm,天然奢石实景落地｜效果绝了,"终于等到这款天然奢石了！

终于找到满意的了。

—— 为什么选它 ——

✓ 实景落地效果
✓ 设计还原度高
✓ 空间氛围感拉满

📐 规格：1284×1667mm
🏷️ 材质：烧结石 / 天然奢石

—— 适用场景 ——

▸ 别墅
▸ 大平层
▸ 样板间
▸ 酒店
▸ 会所

同款/其他花色可定制，
想要了解更多评论区扣「1」或私信～
",#天然奢石 #奢石 #背景墙 #高级感 #别墅装修 #大自然
1425485,岛台案例 (23),case,天然奢石,1283×1676mm,天然奢石完工案例，设计还原度100%,"终于等到这款天然奢石了！

终于找到满意的了。

—— 为什么选它 ——

✓ 实景落地效果
✓ 设计还原度高
✓ 空间氛围感拉满

📐 规格：1283×1676mm
🏷️ 材质：烧结石 / 天然奢石

—— 适用场景 ——

▸ 别墅
▸ 大平层
▸ 样板间
▸ 酒店
▸ 会所

同款/其他花色可定制，
想要了解更多评论区扣「1」或私信～
",#天然奢石 #奢石 #背景墙 #高级感 #别墅装修 #大自然
1425487,岛台案例 (19),case,天然奢石,1283×1659mm,天然奢石完工案例，设计还原度100%,"终于等到这款天然奢石了！

终于找到满意的了。

—— 为什么选它 ——

✓ 实景落地效果
✓ 设计还原度高
✓ 空间氛围感拉满

📐 规格：1283×1659mm
🏷️ 材质：烧结石 / 天然奢石

—— 适用场景 ——

▸ 别墅
▸ 大平层
▸ 样板间
▸ 酒店
▸ 会所

同款/其他花色可定制，
想要了解更多评论区扣「1」或私信～
",#天然奢石 #奢石 #背景墙 #高级感 #别墅装修 #大自然
1425488,岛台案例 (16),case,天然奢石,1284×1647mm,天然奢石实景落地｜效果绝了,"终于等到这款天然奢石了！

终于找到满意的了。

—— 为什么选它 ——

✓ 实景落地效果
✓ 设计还原度高
✓ 空间氛围感拉满

📐 规格：1284×1647mm
🏷️ 材质：烧结石 / 天然奢石

—— 适用场景 ——

▸ 别墅
▸ 大平层
▸ 样板间
▸ 酒店
▸ 会所

同款/其他花色可定制，
想要了解更多评论区扣「1」或私信～
",#天然奢石 #奢石 #背景墙 #高级感 #别墅装修 #大自然
1925317,20260412#04 普拉达绿3X1.72,slab,Prada Green,2000×1500mm,别墅同款普拉达绿｜一面墙封神,"终于等到这款普拉达绿了！

做了很久背景墙功课，
看到这块普拉达绿实景的瞬间，直接定下来。

—— 为什么选它 ——

✓ 一板到顶无缝拼接
✓ 耐高温防刮耐磨
✓ 天然纹理独一无二
✓ 抗污易清洁
✓ 不褪色抗UV

📐 规格：2000×1500mm
🏷️ 材质：烧结石 / 天然奢石

—— 适用场景 ——

▸ 客厅电视背景墙
▸ 沙发背景墙
▸ 餐厅背景墙
▸ 玄关背景
▸ 卫生间墙面
▸ 厨房台面

同款/其他花色可定制，
想要了解更多评论区扣「1」或私信～
",#普拉达绿 #奢石绿 #绿色背景墙 #高级感 #大平层装修 #烧结石
1391331,普拉达绿1240*2200,furniture,Prada Green,2000×1500mm,被邻居追着问的普拉达绿！,"终于等到这款普拉达绿了！

为了客厅的高级感，
挑了好久终于入手这款普拉达绿。

—— 为什么选它 ——

✓ 奢石台面 + 金属底座
✓ 一桌提升整个空间格调
✓ 耐磨耐高温不怕烫
✓ 专属定制独一无二
✓ 轻奢质感拉满

📐 规格：2000×1500mm
🏷️ 材质：烧结石 / 天然奢石

—— 适用场景 ——

▸ 客厅
▸ 餐厅
▸ 玄关
▸ 书房
▸ 茶室
▸ 吧台

同款/其他花色可定制，
想要了解更多评论区扣「1」或私信～
",#普拉达绿 #奢石绿 #绿色背景墙 #高级感 #大平层装修 #烧结石
1458908,普拉达绿700X1300,furniture,Prada Green,432×577mm,一眼爱上的普拉达绿，轻奢必备,"终于等到这款普拉达绿了！

为了客厅的高级感，
挑了好久终于入手这款普拉达绿。

—— 为什么选它 ——

✓ 奢石台面 + 金属底座
✓ 一桌提升整个空间格调
✓ 耐磨耐高温不怕烫
✓ 专属定制独一无二
✓ 轻奢质感拉满

📐 规格：432×577mm
🏷️ 材质：烧结石 / 天然奢石

—— 适用场景 ——

▸ 客厅
▸ 餐厅
▸ 玄关
▸ 书房
▸ 茶室
▸ 吧台

同款/其他花色可定制，
想要了解更多评论区扣「1」或私信～
",#普拉达绿 #奢石绿 #绿色背景墙 #高级感 #大平层装修 #烧结石
1999809,JY1128普拉达绿,slab,Prada Green,2000×1500mm,颜值暴击！普拉达绿大板实景分享,"终于等到这款普拉达绿了！

做了很久背景墙功课，
看到这块普拉达绿实景的瞬间，直接定下来。

—— 为什么选它 ——

✓ 一板到顶无缝拼接
✓ 耐高温防刮耐磨
✓ 天然纹理独一无二
✓ 抗污易清洁
✓ 不褪色抗UV

📐 规格：2000×1500mm
🏷️ 材质：烧结石 / 天然奢石

—— 适用场景 ——

▸ 客厅电视背景墙
▸ 沙发背景墙
▸ 餐厅背景墙
▸ 玄关背景
▸ 卫生间墙面
▸ 厨房台面

同款/其他花色可定制，
想要了解更多评论区扣「1」或私信～
",#普拉达绿 #奢石绿 #绿色背景墙 #高级感 #大平层装修 #烧结石
1458906,普拉达绿140+80,furniture,Prada Green,577×432mm,被邻居追着问的普拉达绿！,"终于等到这款普拉达绿了！

为了客厅的高级感，
挑了好久终于入手这款普拉达绿。

—— 为什么选它 ——

✓ 奢石台面 + 金属底座
✓ 一桌提升整个空间格调
✓ 耐磨耐高温不怕烫
✓ 专属定制独一无二
✓ 轻奢质感拉满

📐 规格：577×432mm
🏷️ 材质：烧结石 / 天然奢石

—— 适用场景 ——

▸ 客厅
▸ 餐厅
▸ 玄关
▸ 书房
▸ 茶室
▸ 吧台

同款/其他花色可定制，
想要了解更多评论区扣「1」或私信～
",#普拉达绿 #奢石绿 #绿色背景墙 #高级感 #大平层装修 #烧结石
1405618,宝格丽紫2000X1000,furniture,天然奢石,2000×1500mm,一眼爱上的天然奢石，轻奢必备,"终于等到这款天然奢石了！

为了客厅的高级感，
挑了好久终于入手这款天然奢石。

—— 为什么选它 ——

✓ 奢石台面 + 金属底座
✓ 一桌提升整个空间格调
✓ 耐磨耐高温不怕烫
✓ 专属定制独一无二
✓ 轻奢质感拉满

📐 规格：2000×1500mm
🏷️ 材质：烧结石 / 天然奢石

—— 适用场景 ——

▸ 客厅
▸ 餐厅
▸ 玄关
▸ 书房
▸ 茶室
▸ 吧台

同款/其他花色可定制，
想要了解更多评论区扣「1」或私信～
",#天然奢石 #奢石 #背景墙 #高级感 #别墅装修 #大自然
1574132,卡里冰玉1000*2000,furniture,天然奢石,2000×1500mm,天然奢石推荐｜客厅颜值担当,"终于等到这款天然奢石了！

为了客厅的高级感，
挑了好久终于入手这款天然奢石。

—— 为什么选它 ——

✓ 奢石台面 + 金属底座
✓ 一桌提升整个空间格调
✓ 耐磨耐高温不怕烫
✓ 专属定制独一无二
✓ 轻奢质感拉满

📐 规格：2000×1500mm
🏷️ 材质：烧结石 / 天然奢石

—— 适用场景 ——

▸ 客厅
▸ 餐厅
▸ 玄关
▸ 书房
▸ 茶室
▸ 吧台

同款/其他花色可定制，
想要了解更多评论区扣「1」或私信～
",#天然奢石 #奢石 #背景墙 #高级感 #别墅装修 #大自然
1391226,潘多拉1000*2000,furniture,天然奢石,2000×1500mm,被邻居追着问的天然奢石！,"终于等到这款天然奢石了！

为了客厅的高级感，
挑了好久终于入手这款天然奢石。

—— 为什么选它 ——

✓ 奢石台面 + 金属底座
✓ 一桌提升整个空间格调
✓ 耐磨耐高温不怕烫
✓ 专属定制独一无二
✓ 轻奢质感拉满

📐 规格：2000×1500mm
🏷️ 材质：烧结石 / 天然奢石

—— 适用场景 ——

▸ 客厅
▸ 餐厅
▸ 玄关
▸ 书房
▸ 茶室
▸ 吧台

同款/其他花色可定制，
想要了解更多评论区扣「1」或私信～
",#天然奢石 #奢石 #背景墙 #高级感 #别墅装修 #大自然
1457983,宝格丽紫1000*2000,furniture,天然奢石,2000×1500mm,一眼爱上的天然奢石，轻奢必备,"终于等到这款天然奢石了！

为了客厅的高级感，
挑了好久终于入手这款天然奢石。

—— 为什么选它 ——

✓ 奢石台面 + 金属底座
✓ 一桌提升整个空间格调
✓ 耐磨耐高温不怕烫
✓ 专属定制独一无二
✓ 轻奢质感拉满

📐 规格：2000×1500mm
🏷️ 材质：烧结石 / 天然奢石

—— 适用场景 ——

▸ 客厅
▸ 餐厅
▸ 玄关
▸ 书房
▸ 茶室
▸ 吧台

同款/其他花色可定制，
想要了解更多评论区扣「1」或私信～
",#天然奢石 #奢石 #背景墙 #高级感 #别墅装修 #大自然
1403948,猫眼绿2000X1000,furniture,天然奢石,2000×1500mm,一眼爱上的天然奢石，轻奢必备,"终于等到这款天然奢石了！

为了客厅的高级感，
挑了好久终于入手这款天然奢石。

—— 为什么选它 ——

✓ 奢石台面 + 金属底座
✓ 一桌提升整个空间格调
✓ 耐磨耐高温不怕烫
✓ 专属定制独一无二
✓ 轻奢质感拉满

📐 规格：2000×1500mm
🏷️ 材质：烧结石 / 天然奢石

—— 适用场景 ——

▸ 客厅
▸ 餐厅
▸ 玄关
▸ 书房
▸ 茶室
▸ 吧台

同款/其他花色可定制，
想要了解更多评论区扣「1」或私信～
",#天然奢石 #奢石 #背景墙 #高级感 #别墅装修 #大自然
1423797,卡里冰玉,slab,天然奢石,2000×1500mm,别墅同款天然奢石｜一面墙封神,"终于等到这款天然奢石了！

做了很久背景墙功课，
看到这块天然奢石实景的瞬间，直接定下来。

—— 为什么选它 ——

✓ 一板到顶无缝拼接
✓ 耐高温防刮耐磨
✓ 天然纹理独一无二
✓ 抗污易清洁
✓ 不褪色抗UV

📐 规格：2000×1500mm
🏷️ 材质：烧结石 / 天然奢石

—— 适用场景 ——

▸ 客厅电视背景墙
▸ 沙发背景墙
▸ 餐厅背景墙
▸ 玄关背景
▸ 卫生间墙面
▸ 厨房台面

同款/其他花色可定制，
想要了解更多评论区扣「1」或私信～
",#天然奢石 #奢石 #背景墙 #高级感 #别墅装修 #大自然
1553872,卡里冰玉2.385X0.65X1.235X1.155,slab,天然奢石,2000×1500mm,别墅同款天然奢石｜一面墙封神,"终于等到这款天然奢石了！

做了很久背景墙功课，
看到这块天然奢石实景的瞬间，直接定下来。

—— 为什么选它 ——

✓ 一板到顶无缝拼接
✓ 耐高温防刮耐磨
✓ 天然纹理独一无二
✓ 抗污易清洁
✓ 不褪色抗UV

📐 规格：2000×1500mm
🏷️ 材质：烧结石 / 天然奢石

—— 适用场景 ——

▸ 客厅电视背景墙
▸ 沙发背景墙
▸ 餐厅背景墙
▸ 玄关背景
▸ 卫生间墙面
▸ 厨房台面

同款/其他花色可定制，
想要了解更多评论区扣「1」或私信～
",#天然奢石 #奢石 #背景墙 #高级感 #别墅装修 #大自然
1777414,卡里冰玉900X1800,furniture,天然奢石,2000×1500mm,天然奢石实拍｜高级感拿捏了,"终于等到这款天然奢石了！

为了客厅的高级感，
挑了好久终于入手这款天然奢石。

—— 为什么选它 ——

✓ 奢石台面 + 金属底座
✓ 一桌提升整个空间格调
✓ 耐磨耐高温不怕烫
✓ 专属定制独一无二
✓ 轻奢质感拉满

📐 规格：2000×1500mm
🏷️ 材质：烧结石 / 天然奢石

—— 适用场景 ——

▸ 客厅
▸ 餐厅
▸ 玄关
▸ 书房
▸ 茶室
▸ 吧台

同款/其他花色可定制，
想要了解更多评论区扣「1」或私信～
",#天然奢石 #奢石 #背景墙 #高级感 #别墅装修 #大自然
1892656,SKF8016K04 卡里冰玉160X80,furniture,天然奢石,2000×1500mm,被邻居追着问的天然奢石！,"终于等到这款天然奢石了！

为了客厅的高级感，
挑了好久终于入手这款天然奢石。

—— 为什么选它 ——

✓ 奢石台面 + 金属底座
✓ 一桌提升整个空间格调
✓ 耐磨耐高温不怕烫
✓ 专属定制独一无二
✓ 轻奢质感拉满

📐 规格：2000×1500mm
🏷️ 材质：烧结石 / 天然奢石

—— 适用场景 ——

▸ 客厅
▸ 餐厅
▸ 玄关
▸ 书房
▸ 茶室
▸ 吧台

同款/其他花色可定制，
想要了解更多评论区扣「1」或私信～
",#天然奢石 #奢石 #背景墙 #高级感 #别墅装修 #大自然
1553878,卡里冰玉2.325X0.6X1.4X0.9,slab,天然奢石,2000×1500mm,天然奢石烧结石｜一板到顶无缝拼接,"终于等到这款天然奢石了！

做了很久背景墙功课，
看到这块天然奢石实景的瞬间，直接定下来。

—— 为什么选它 ——

✓ 一板到顶无缝拼接
✓ 耐高温防刮耐磨
✓ 天然纹理独一无二
✓ 抗污易清洁
✓ 不褪色抗UV

📐 规格：2000×1500mm
🏷️ 材质：烧结石 / 天然奢石

—— 适用场景 ——

▸ 客厅电视背景墙
▸ 沙发背景墙
▸ 餐厅背景墙
▸ 玄关背景
▸ 卫生间墙面
▸ 厨房台面

同款/其他花色可定制，
想要了解更多评论区扣「1」或私信～
",#天然奢石 #奢石 #背景墙 #高级感 #别墅装修 #大自然
1701178,蓝天玉FL01,slab,Blue Sky Jade,2000×1500mm,奢石烧结石｜一板到顶无缝拼接,"终于等到这款奢石了！

做了很久背景墙功课，
看到这块奢石实景的瞬间，直接定下来。

—— 为什么选它 ——

✓ 一板到顶无缝拼接
✓ 耐高温防刮耐磨
✓ 天然纹理独一无二
✓ 抗污易清洁
✓ 不褪色抗UV

📐 规格：2000×1500mm
🏷️ 材质：烧结石 / 天然奢石

—— 适用场景 ——

▸ 客厅电视背景墙
▸ 沙发背景墙
▸ 餐厅背景墙
▸ 玄关背景
▸ 卫生间墙面
▸ 厨房台面

同款/其他花色可定制，
想要了解更多评论区扣「1」或私信～
",#奢石 #高级感装修 #烧结石 #背景墙 #别墅 #装修灵感
1927787,Y194L590+Y125L591 蓝天玉194+125,furniture,Blue Sky Jade,2000×1500mm,奢石推荐｜客厅颜值担当,"终于等到这款奢石了！

为了客厅的高级感，
挑了好久终于入手这款奢石。

—— 为什么选它 ——

✓ 奢石台面 + 金属底座
✓ 一桌提升整个空间格调
✓ 耐磨耐高温不怕烫
✓ 专属定制独一无二
✓ 轻奢质感拉满

📐 规格：2000×1500mm
🏷️ 材质：烧结石 / 天然奢石

—— 适用场景 ——

▸ 客厅
▸ 餐厅
▸ 玄关
▸ 书房
▸ 茶室
▸ 吧台

同款/其他花色可定制，
想要了解更多评论区扣「1」或私信～
",#奢石 #高级感装修 #烧结石 #背景墙 #别墅 #装修灵感
1982798,Y135L679+Y80L680 蓝天玉135+80,furniture,Blue Sky Jade,2000×2000mm,一眼爱上的奢石，轻奢必备,"终于等到这款奢石了！

为了客厅的高级感，
挑了好久终于入手这款奢石。

—— 为什么选它 ——

✓ 奢石台面 + 金属底座
✓ 一桌提升整个空间格调
✓ 耐磨耐高温不怕烫
✓ 专属定制独一无二
✓ 轻奢质感拉满

📐 规格：2000×2000mm
🏷️ 材质：烧结石 / 天然奢石

—— 适用场景 ——

▸ 客厅
▸ 餐厅
▸ 玄关
▸ 书房
▸ 茶室
▸ 吧台

同款/其他花色可定制，
想要了解更多评论区扣「1」或私信～
",#奢石 #高级感装修 #烧结石 #背景墙 #别墅 #装修灵感
1925375,FL-01蓝天白云（蓝天玉）3.28X1.95/3.26X1.97,slab,Blue Sky Jade,2000×1500mm,奢石奢石｜客厅电视背景墙高级感天花板,"终于等到这款奢石了！

做了很久背景墙功课，
看到这块奢石实景的瞬间，直接定下来。

—— 为什么选它 ——

✓ 一板到顶无缝拼接
✓ 耐高温防刮耐磨
✓ 天然纹理独一无二
✓ 抗污易清洁
✓ 不褪色抗UV

📐 规格：2000×1500mm
🏷️ 材质：烧结石 / 天然奢石

—— 适用场景 ——

▸ 客厅电视背景墙
▸ 沙发背景墙
▸ 餐厅背景墙
▸ 玄关背景
▸ 卫生间墙面
▸ 厨房台面

同款/其他花色可定制，
想要了解更多评论区扣「1」或私信～
",#奢石 #高级感装修 #烧结石 #背景墙 #别墅 #装修灵感
2005274,Y150L729+Y90L730 蓝天玉150+90,furniture,Blue Sky Jade,2000×1500mm,奢石实拍｜高级感拿捏了,"终于等到这款奢石了！

为了客厅的高级感，
挑了好久终于入手这款奢石。

—— 为什么选它 ——

✓ 奢石台面 + 金属底座
✓ 一桌提升整个空间格调
✓ 耐磨耐高温不怕烫
✓ 专属定制独一无二
✓ 轻奢质感拉满

📐 规格：2000×1500mm
🏷️ 材质：烧结石 / 天然奢石

—— 适用场景 ——

▸ 客厅
▸ 餐厅
▸ 玄关
▸ 书房
▸ 茶室
▸ 吧台

同款/其他花色可定制，
想要了解更多评论区扣「1」或私信～
",#奢石 #高级感装修 #烧结石 #背景墙 #别墅 #装修灵感
1405608,雪山飞狐1800X860,furniture,Snow Fox,2000×1500mm,一眼爱上的奢石，轻奢必备,"终于等到这款奢石了！

为了客厅的高级感，
挑了好久终于入手这款奢石。

—— 为什么选它 ——

✓ 奢石台面 + 金属底座
✓ 一桌提升整个空间格调
✓ 耐磨耐高温不怕烫
✓ 专属定制独一无二
✓ 轻奢质感拉满

📐 规格：2000×1500mm
🏷️ 材质：烧结石 / 天然奢石

—— 适用场景 ——

▸ 客厅
▸ 餐厅
▸ 玄关
▸ 书房
▸ 茶室
▸ 吧台

同款/其他花色可定制，
想要了解更多评论区扣「1」或私信～
",#奢石 #高级感装修 #烧结石 #背景墙 #别墅 #装修灵感
1555681,雪山飞狐,slab,Snow Fox,2000×2666mm,被问疯了！奢石背景墙实景,"终于等到这款奢石了！

做了很久背景墙功课，
看到这块奢石实景的瞬间，直接定下来。

—— 为什么选它 ——

✓ 一板到顶无缝拼接
✓ 耐高温防刮耐磨
✓ 天然纹理独一无二
✓ 抗污易清洁
✓ 不褪色抗UV

📐 规格：2000×2666mm
🏷️ 材质：烧结石 / 天然奢石

—— 适用场景 ——

▸ 客厅电视背景墙
▸ 沙发背景墙
▸ 餐厅背景墙
▸ 玄关背景
▸ 卫生间墙面
▸ 厨房台面

同款/其他花色可定制，
想要了解更多评论区扣「1」或私信～
",#奢石 #高级感装修 #烧结石 #背景墙 #别墅 #装修灵感
1924519,Y135X421+Y80X422 雪山飞狐135+80,furniture,Snow Fox,2000×1500mm,奢石实拍｜高级感拿捏了,"终于等到这款奢石了！

为了客厅的高级感，
挑了好久终于入手这款奢石。

—— 为什么选它 ——

✓ 奢石台面 + 金属底座
✓ 一桌提升整个空间格调
✓ 耐磨耐高温不怕烫
✓ 专属定制独一无二
✓ 轻奢质感拉满

📐 规格：2000×1500mm
🏷️ 材质：烧结石 / 天然奢石

—— 适用场景 ——

▸ 客厅
▸ 餐厅
▸ 玄关
▸ 书房
▸ 茶室
▸ 吧台

同款/其他花色可定制，
想要了解更多评论区扣「1」或私信～
",#奢石 #高级感装修 #烧结石 #背景墙 #别墅 #装修灵感
1574130,雪山飞狐1000*2000,furniture,Snow Fox,2000×1500mm,奢石｜提升客厅格调的秘密,"终于等到这款奢石了！

为了客厅的高级感，
挑了好久终于入手这款奢石。

—— 为什么选它 ——

✓ 奢石台面 + 金属底座
✓ 一桌提升整个空间格调
✓ 耐磨耐高温不怕烫
✓ 专属定制独一无二
✓ 轻奢质感拉满

📐 规格：2000×1500mm
🏷️ 材质：烧结石 / 天然奢石

—— 适用场景 ——

▸ 客厅
▸ 餐厅
▸ 玄关
▸ 书房
▸ 茶室
▸ 吧台

同款/其他花色可定制，
想要了解更多评论区扣「1」或私信～
",#奢石 #高级感装修 #烧结石 #背景墙 #别墅 #装修灵感
1458581,雪山飞狐1000+2000,furniture,Snow Fox,432×577mm,被邻居追着问的奢石！,"终于等到这款奢石了！

为了客厅的高级感，
挑了好久终于入手这款奢石。

—— 为什么选它 ——

✓ 奢石台面 + 金属底座
✓ 一桌提升整个空间格调
✓ 耐磨耐高温不怕烫
✓ 专属定制独一无二
✓ 轻奢质感拉满

📐 规格：432×577mm
🏷️ 材质：烧结石 / 天然奢石

—— 适用场景 ——

▸ 客厅
▸ 餐厅
▸ 玄关
▸ 书房
▸ 茶室
▸ 吧台

同款/其他花色可定制，
想要了解更多评论区扣「1」或私信～
",#奢石 #高级感装修 #烧结石 #背景墙 #别墅 #装修灵感
1385688,蓝翡翠150+90转盘,furniture,天然奢石,2000×1500mm,一眼爱上的天然奢石，轻奢必备,"终于等到这款天然奢石了！

为了客厅的高级感，
挑了好久终于入手这款天然奢石。

—— 为什么选它 ——

✓ 奢石台面 + 金属底座
✓ 一桌提升整个空间格调
✓ 耐磨耐高温不怕烫
✓ 专属定制独一无二
✓ 轻奢质感拉满

📐 规格：2000×1500mm
🏷️ 材质：烧结石 / 天然奢石

—— 适用场景 ——

▸ 客厅
▸ 餐厅
▸ 玄关
▸ 书房
▸ 茶室
▸ 吧台

同款/其他花色可定制，
想要了解更多评论区扣「1」或私信～
",#天然奢石 #奢石 #背景墙 #高级感 #别墅装修 #大自然
1385453,蓝翡翠150+80,furniture,天然奢石,2000×1500mm,一眼爱上的天然奢石，轻奢必备,"终于等到这款天然奢石了！

为了客厅的高级感，
挑了好久终于入手这款天然奢石。

—— 为什么选它 ——

✓ 奢石台面 + 金属底座
✓ 一桌提升整个空间格调
✓ 耐磨耐高温不怕烫
✓ 专属定制独一无二
✓ 轻奢质感拉满

📐 规格：2000×1500mm
🏷️ 材质：烧结石 / 天然奢石

—— 适用场景 ——

▸ 客厅
▸ 餐厅
▸ 玄关
▸ 书房
▸ 茶室
▸ 吧台

同款/其他花色可定制，
想要了解更多评论区扣「1」或私信～
",#天然奢石 #奢石 #背景墙 #高级感 #别墅装修 #大自然
1594565,蓝翡翠150+80,furniture,天然奢石,2000×1500mm,天然奢石｜提升客厅格调的秘密,"终于等到这款天然奢石了！

为了客厅的高级感，
挑了好久终于入手这款天然奢石。

—— 为什么选它 ——

✓ 奢石台面 + 金属底座
✓ 一桌提升整个空间格调
✓ 耐磨耐高温不怕烫
✓ 专属定制独一无二
✓ 轻奢质感拉满

📐 规格：2000×1500mm
🏷️ 材质：烧结石 / 天然奢石

—— 适用场景 ——

▸ 客厅
▸ 餐厅
▸ 玄关
▸ 书房
▸ 茶室
▸ 吧台

同款/其他花色可定制，
想要了解更多评论区扣「1」或私信～
",#天然奢石 #奢石 #背景墙 #高级感 #别墅装修 #大自然
1403580,蓝翡翠160+90,furniture,天然奢石,2000×1500mm,天然奢石｜提升客厅格调的秘密,"终于等到这款天然奢石了！

为了客厅的高级感，
挑了好久终于入手这款天然奢石。

—— 为什么选它 ——

✓ 奢石台面 + 金属底座
✓ 一桌提升整个空间格调
✓ 耐磨耐高温不怕烫
✓ 专属定制独一无二
✓ 轻奢质感拉满

📐 规格：2000×1500mm
🏷️ 材质：烧结石 / 天然奢石

—— 适用场景 ——

▸ 客厅
▸ 餐厅
▸ 玄关
▸ 书房
▸ 茶室
▸ 吧台

同款/其他花色可定制，
想要了解更多评论区扣「1」或私信～
",#天然奢石 #奢石 #背景墙 #高级感 #别墅装修 #大自然
1403493,古木纹150+90,furniture,天然奢石,2000×1500mm,一眼爱上的天然奢石，轻奢必备,"终于等到这款天然奢石了！

为了客厅的高级感，
挑了好久终于入手这款天然奢石。

—— 为什么选它 ——

✓ 奢石台面 + 金属底座
✓ 一桌提升整个空间格调
✓ 耐磨耐高温不怕烫
✓ 专属定制独一无二
✓ 轻奢质感拉满

📐 规格：2000×1500mm
🏷️ 材质：烧结石 / 天然奢石

—— 适用场景 ——

▸ 客厅
▸ 餐厅
▸ 玄关
▸ 书房
▸ 茶室
▸ 吧台

同款/其他花色可定制，
想要了解更多评论区扣「1」或私信～
",#天然奢石 #奢石 #背景墙 #高级感 #别墅装修 #大自然
1461445,金孔雀FLXS250601,slab,Golden Peacock,2000×1500mm,奢石奢石｜客厅电视背景墙高级感天花板,"终于等到这款奢石了！

做了很久背景墙功课，
看到这块奢石实景的瞬间，直接定下来。

—— 为什么选它 ——

✓ 一板到顶无缝拼接
✓ 耐高温防刮耐磨
✓ 天然纹理独一无二
✓ 抗污易清洁
✓ 不褪色抗UV

📐 规格：2000×1500mm
🏷️ 材质：烧结石 / 天然奢石

—— 适用场景 ——

▸ 客厅电视背景墙
▸ 沙发背景墙
▸ 餐厅背景墙
▸ 玄关背景
▸ 卫生间墙面
▸ 厨房台面

同款/其他花色可定制，
想要了解更多评论区扣「1」或私信～
",#奢石 #高级感装修 #烧结石 #背景墙 #别墅 #装修灵感
1525627,金孔雀FLXS250601,slab,Golden Peacock,2000×1500mm,别墅同款奢石｜一面墙封神,"终于等到这款奢石了！

做了很久背景墙功课，
看到这块奢石实景的瞬间，直接定下来。

—— 为什么选它 ——

✓ 一板到顶无缝拼接
✓ 耐高温防刮耐磨
✓ 天然纹理独一无二
✓ 抗污易清洁
✓ 不褪色抗UV

📐 规格：2000×1500mm
🏷️ 材质：烧结石 / 天然奢石

—— 适用场景 ——

▸ 客厅电视背景墙
▸ 沙发背景墙
▸ 餐厅背景墙
▸ 玄关背景
▸ 卫生间墙面
▸ 厨房台面

同款/其他花色可定制，
想要了解更多评论区扣「1」或私信～
",#奢石 #高级感装修 #烧结石 #背景墙 #别墅 #装修灵感
1701163,金孔雀FL139,slab,Golden Peacock,2000×1500mm,奢石烧结石｜一板到顶无缝拼接,"终于等到这款奢石了！

做了很久背景墙功课，
看到这块奢石实景的瞬间，直接定下来。

—— 为什么选它 ——

✓ 一板到顶无缝拼接
✓ 耐高温防刮耐磨
✓ 天然纹理独一无二
✓ 抗污易清洁
✓ 不褪色抗UV

📐 规格：2000×1500mm
🏷️ 材质：烧结石 / 天然奢石

—— 适用场景 ——

▸ 客厅电视背景墙
▸ 沙发背景墙
▸ 餐厅背景墙
▸ 玄关背景
▸ 卫生间墙面
▸ 厨房台面

同款/其他花色可定制，
想要了解更多评论区扣「1」或私信～
",#奢石 #高级感装修 #烧结石 #背景墙 #别墅 #装修灵感
1793452,金孔雀900*1600,furniture,Golden Peacock,2000×2666mm,奢石推荐｜客厅颜值担当,"终于等到这款奢石了！

为了客厅的高级感，
挑了好久终于入手这款奢石。

—— 为什么选它 ——

✓ 奢石台面 + 金属底座
✓ 一桌提升整个空间格调
✓ 耐磨耐高温不怕烫
✓ 专属定制独一无二
✓ 轻奢质感拉满

📐 规格：2000×2666mm
🏷️ 材质：烧结石 / 天然奢石

—— 适用场景 ——

▸ 客厅
▸ 餐厅
▸ 玄关
▸ 书房
▸ 茶室
▸ 吧台

同款/其他花色可定制，
想要了解更多评论区扣「1」或私信～
",#奢石 #高级感装修 #烧结石 #背景墙 #别墅 #装修灵感
1553575,金孔雀,slab,Golden Peacock,2000×1500mm,奢石奢石｜客厅电视背景墙高级感天花板,"终于等到这款奢石了！

做了很久背景墙功课，
看到这块奢石实景的瞬间，直接定下来。

—— 为什么选它 ——

✓ 一板到顶无缝拼接
✓ 耐高温防刮耐磨
✓ 天然纹理独一无二
✓ 抗污易清洁
✓ 不褪色抗UV

📐 规格：2000×1500mm
🏷️ 材质：烧结石 / 天然奢石

—— 适用场景 ——

▸ 客厅电视背景墙
▸ 沙发背景墙
▸ 餐厅背景墙
▸ 玄关背景
▸ 卫生间墙面
▸ 厨房台面

同款/其他花色可定制，
想要了解更多评论区扣「1」或私信～
",#奢石 #高级感装修 #烧结石 #背景墙 #别墅 #装修灵感
1394320,宝格丽紫HY23,slab,天然奢石,2000×1500mm,天然奢石奢石｜客厅电视背景墙高级感天花板,"终于等到这款天然奢石了！

做了很久背景墙功课，
看到这块天然奢石实景的瞬间，直接定下来。

—— 为什么选它 ——

✓ 一板到顶无缝拼接
✓ 耐高温防刮耐磨
✓ 天然纹理独一无二
✓ 抗污易清洁
✓ 不褪色抗UV

📐 规格：2000×1500mm
🏷️ 材质：烧结石 / 天然奢石

—— 适用场景 ——

▸ 客厅电视背景墙
▸ 沙发背景墙
▸ 餐厅背景墙
▸ 玄关背景
▸ 卫生间墙面
▸ 厨房台面

同款/其他花色可定制，
想要了解更多评论区扣「1」或私信～
",#天然奢石 #奢石 #背景墙 #高级感 #别墅装修 #大自然
1568951,宝格丽紫HY45,slab,天然奢石,2000×1500mm,被问疯了！天然奢石背景墙实景,"终于等到这款天然奢石了！

做了很久背景墙功课，
看到这块天然奢石实景的瞬间，直接定下来。

—— 为什么选它 ——

✓ 一板到顶无缝拼接
✓ 耐高温防刮耐磨
✓ 天然纹理独一无二
✓ 抗污易清洁
✓ 不褪色抗UV

📐 规格：2000×1500mm
🏷️ 材质：烧结石 / 天然奢石

—— 适用场景 ——

▸ 客厅电视背景墙
▸ 沙发背景墙
▸ 餐厅背景墙
▸ 玄关背景
▸ 卫生间墙面
▸ 厨房台面

同款/其他花色可定制，
想要了解更多评论区扣「1」或私信～
",#天然奢石 #奢石 #背景墙 #高级感 #别墅装修 #大自然
1481472,宝格丽紫,slab,天然奢石,2100×1576mm,别墅同款天然奢石｜一面墙封神,"终于等到这款天然奢石了！

做了很久背景墙功课，
看到这块天然奢石实景的瞬间，直接定下来。

—— 为什么选它 ——

✓ 一板到顶无缝拼接
✓ 耐高温防刮耐磨
✓ 天然纹理独一无二
✓ 抗污易清洁
✓ 不褪色抗UV

📐 规格：2100×1576mm
🏷️ 材质：烧结石 / 天然奢石

—— 适用场景 ——

▸ 客厅电视背景墙
▸ 沙发背景墙
▸ 餐厅背景墙
▸ 玄关背景
▸ 卫生间墙面
▸ 厨房台面

同款/其他花色可定制，
想要了解更多评论区扣「1」或私信～
",#天然奢石 #奢石 #背景墙 #高级感 #别墅装修 #大自然
1794732,宝保丽紫1195X1195,furniture,天然奢石,2000×1500mm,天然奢石推荐｜客厅颜值担当,"终于等到这款天然奢石了！

为了客厅的高级感，
挑了好久终于入手这款天然奢石。

—— 为什么选它 ——

✓ 奢石台面 + 金属底座
✓ 一桌提升整个空间格调
✓ 耐磨耐高温不怕烫
✓ 专属定制独一无二
✓ 轻奢质感拉满

📐 规格：2000×1500mm
🏷️ 材质：烧结石 / 天然奢石

—— 适用场景 ——

▸ 客厅
▸ 餐厅
▸ 玄关
▸ 书房
▸ 茶室
▸ 吧台

同款/其他花色可定制，
想要了解更多评论区扣「1」或私信～
",#天然奢石 #奢石 #背景墙 #高级感 #别墅装修 #大自然
2104060,HY45宝格丽紫 3050*1930,slab,天然奢石,2000×1500mm,天然奢石奢石｜客厅电视背景墙高级感天花板,"终于等到这款天然奢石了！

做了很久背景墙功课，
看到这块天然奢石实景的瞬间，直接定下来。

—— 为什么选它 ——

✓ 一板到顶无缝拼接
✓ 耐高温防刮耐磨
✓ 天然纹理独一无二
✓ 抗污易清洁
✓ 不褪色抗UV

📐 规格：2000×1500mm
🏷️ 材质：烧结石 / 天然奢石

—— 适用场景 ——

▸ 客厅电视背景墙
▸ 沙发背景墙
▸ 餐厅背景墙
▸ 玄关背景
▸ 卫生间墙面
▸ 厨房台面

同款/其他花色可定制，
想要了解更多评论区扣「1」或私信～
",#天然奢石 #奢石 #背景墙 #高级感 #别墅装修 #大自然
1807324,Y135B389+Y80B390 白冰玉135+80,furniture,White Ice Jade,2000×1500mm,奢石实拍｜高级感拿捏了,"终于等到这款奢石了！

为了客厅的高级感，
挑了好久终于入手这款奢石。

—— 为什么选它 ——

✓ 奢石台面 + 金属底座
✓ 一桌提升整个空间格调
✓ 耐磨耐高温不怕烫
✓ 专属定制独一无二
✓ 轻奢质感拉满

📐 规格：2000×1500mm
🏷️ 材质：烧结石 / 天然奢石

—— 适用场景 ——

▸ 客厅
▸ 餐厅
▸ 玄关
▸ 书房
▸ 茶室
▸ 吧台

同款/其他花色可定制，
想要了解更多评论区扣「1」或私信～
",#奢石 #高级感装修 #烧结石 #背景墙 #别墅 #装修灵感
1889366,Y150B393+Y90B394 白冰玉150+90,furniture,White Ice Jade,2000×1500mm,被邻居追着问的奢石！,"终于等到这款奢石了！

为了客厅的高级感，
挑了好久终于入手这款奢石。

—— 为什么选它 ——

✓ 奢石台面 + 金属底座
✓ 一桌提升整个空间格调
✓ 耐磨耐高温不怕烫
✓ 专属定制独一无二
✓ 轻奢质感拉满

📐 规格：2000×1500mm
🏷️ 材质：烧结石 / 天然奢石

—— 适用场景 ——

▸ 客厅
▸ 餐厅
▸ 玄关
▸ 书房
▸ 茶室
▸ 吧台

同款/其他花色可定制，
想要了解更多评论区扣「1」或私信～
",#奢石 #高级感装修 #烧结石 #背景墙 #别墅 #装修灵感
1985333,100200B695 白冰玉200X100,furniture,White Ice Jade,2000×1500mm,一眼爱上的奢石，轻奢必备,"终于等到这款奢石了！

为了客厅的高级感，
挑了好久终于入手这款奢石。

—— 为什么选它 ——

✓ 奢石台面 + 金属底座
✓ 一桌提升整个空间格调
✓ 耐磨耐高温不怕烫
✓ 专属定制独一无二
✓ 轻奢质感拉满

📐 规格：2000×1500mm
🏷️ 材质：烧结石 / 天然奢石

—— 适用场景 ——

▸ 客厅
▸ 餐厅
▸ 玄关
▸ 书房
▸ 茶室
▸ 吧台

同款/其他花色可定制，
想要了解更多评论区扣「1」或私信～
",#奢石 #高级感装修 #烧结石 #背景墙 #别墅 #装修灵感
2078147,白冰玉1.65X0.74,slab,White Ice Jade,2000×1500mm,别墅同款奢石｜一面墙封神,"终于等到这款奢石了！

做了很久背景墙功课，
看到这块奢石实景的瞬间，直接定下来。

—— 为什么选它 ——

✓ 一板到顶无缝拼接
✓ 耐高温防刮耐磨
✓ 天然纹理独一无二
✓ 抗污易清洁
✓ 不褪色抗UV

📐 规格：2000×1500mm
🏷️ 材质：烧结石 / 天然奢石

—— 适用场景 ——

▸ 客厅电视背景墙
▸ 沙发背景墙
▸ 餐厅背景墙
▸ 玄关背景
▸ 卫生间墙面
▸ 厨房台面

同款/其他花色可定制，
想要了解更多评论区扣「1」或私信～
",#奢石 #高级感装修 #烧结石 #背景墙 #别墅 #装修灵感
2080548,白冰玉150+90,furniture,White Ice Jade,2000×1500mm,一眼爱上的奢石，轻奢必备,"终于等到这款奢石了！

为了客厅的高级感，
挑了好久终于入手这款奢石。

—— 为什么选它 ——

✓ 奢石台面 + 金属底座
✓ 一桌提升整个空间格调
✓ 耐磨耐高温不怕烫
✓ 专属定制独一无二
✓ 轻奢质感拉满

📐 规格：2000×1500mm
🏷️ 材质：烧结石 / 天然奢石

—— 适用场景 ——

▸ 客厅
▸ 餐厅
▸ 玄关
▸ 书房
▸ 茶室
▸ 吧台

同款/其他花色可定制，
想要了解更多评论区扣「1」或私信～
",#奢石 #高级感装修 #烧结石 #背景墙 #别墅 #装修灵感
1396598,香雪梅YT0321,slab,天然奢石,1636×2181mm,天然奢石烧结石｜一板到顶无缝拼接,"终于等到这款天然奢石了！

做了很久背景墙功课，
看到这块天然奢石实景的瞬间，直接定下来。

—— 为什么选它 ——

✓ 一板到顶无缝拼接
✓ 耐高温防刮耐磨
✓ 天然纹理独一无二
✓ 抗污易清洁
✓ 不褪色抗UV

📐 规格：1636×2181mm
🏷️ 材质：烧结石 / 天然奢石

—— 适用场景 ——

▸ 客厅电视背景墙
▸ 沙发背景墙
▸ 餐厅背景墙
▸ 玄关背景
▸ 卫生间墙面
▸ 厨房台面

同款/其他花色可定制，
想要了解更多评论区扣「1」或私信～
",#天然奢石 #奢石 #背景墙 #高级感 #别墅装修 #大自然
1555644,香雪梅,slab,天然奢石,2000×1500mm,颜值暴击！天然奢石大板实景分享,"终于等到这款天然奢石了！

做了很久背景墙功课，
看到这块天然奢石实景的瞬间，直接定下来。

—— 为什么选它 ——

✓ 一板到顶无缝拼接
✓ 耐高温防刮耐磨
✓ 天然纹理独一无二
✓ 抗污易清洁
✓ 不褪色抗UV

📐 规格：2000×1500mm
🏷️ 材质：烧结石 / 天然奢石

—— 适用场景 ——

▸ 客厅电视背景墙
▸ 沙发背景墙
▸ 餐厅背景墙
▸ 玄关背景
▸ 卫生间墙面
▸ 厨房台面

同款/其他花色可定制，
想要了解更多评论区扣「1」或私信～
",#天然奢石 #奢石 #背景墙 #高级感 #别墅装修 #大自然
1644319,香雪梅,slab,天然奢石,4096×3500mm,颜值暴击！天然奢石大板实景分享,"终于等到这款天然奢石了！

做了很久背景墙功课，
看到这块天然奢石实景的瞬间，直接定下来。

—— 为什么选它 ——

✓ 一板到顶无缝拼接
✓ 耐高温防刮耐磨
✓ 天然纹理独一无二
✓ 抗污易清洁
✓ 不褪色抗UV

📐 规格：4096×3500mm
🏷️ 材质：烧结石 / 天然奢石

—— 适用场景 ——

▸ 客厅电视背景墙
▸ 沙发背景墙
▸ 餐厅背景墙
▸ 玄关背景
▸ 卫生间墙面
▸ 厨房台面

同款/其他花色可定制，
想要了解更多评论区扣「1」或私信～
",#天然奢石 #奢石 #背景墙 #高级感 #别墅装修 #大自然
1555645,香雪梅,slab,天然奢石,2000×2666mm,天然奢石奢石｜客厅电视背景墙高级感天花板,"终于等到这款天然奢石了！

做了很久背景墙功课，
看到这块天然奢石实景的瞬间，直接定下来。

—— 为什么选它 ——

✓ 一板到顶无缝拼接
✓ 耐高温防刮耐磨
✓ 天然纹理独一无二
✓ 抗污易清洁
✓ 不褪色抗UV

📐 规格：2000×2666mm
🏷️ 材质：烧结石 / 天然奢石

—— 适用场景 ——

▸ 客厅电视背景墙
▸ 沙发背景墙
▸ 餐厅背景墙
▸ 玄关背景
▸ 卫生间墙面
▸ 厨房台面

同款/其他花色可定制，
想要了解更多评论区扣「1」或私信～
",#天然奢石 #奢石 #背景墙 #高级感 #别墅装修 #大自然
1555647,香雪梅,slab,天然奢石,1706×1280mm,别墅同款天然奢石｜一面墙封神,"终于等到这款天然奢石了！

做了很久背景墙功课，
看到这块天然奢石实景的瞬间，直接定下来。

—— 为什么选它 ——

✓ 一板到顶无缝拼接
✓ 耐高温防刮耐磨
✓ 天然纹理独一无二
✓ 抗污易清洁
✓ 不褪色抗UV

📐 规格：1706×1280mm
🏷️ 材质：烧结石 / 天然奢石

—— 适用场景 ——

▸ 客厅电视背景墙
▸ 沙发背景墙
▸ 餐厅背景墙
▸ 玄关背景
▸ 卫生间墙面
▸ 厨房台面

同款/其他花色可定制，
想要了解更多评论区扣「1」或私信～
",#天然奢石 #奢石 #背景墙 #高级感 #别墅装修 #大自然
1386355,毕加索150+90,furniture,Picasso,2000×1500mm,奢石｜提升客厅格调的秘密,"终于等到这款奢石了！

为了客厅的高级感，
挑了好久终于入手这款奢石。

—— 为什么选它 ——

✓ 奢石台面 + 金属底座
✓ 一桌提升整个空间格调
✓ 耐磨耐高温不怕烫
✓ 专属定制独一无二
✓ 轻奢质感拉满

📐 规格：2000×1500mm
🏷️ 材质：烧结石 / 天然奢石

—— 适用场景 ——

▸ 客厅
▸ 餐厅
▸ 玄关
▸ 书房
▸ 茶室
▸ 吧台

同款/其他花色可定制，
想要了解更多评论区扣「1」或私信～
",#奢石 #高级感装修 #烧结石 #背景墙 #别墅 #装修灵感
1461953,毕加索800X1400,furniture,Picasso,2000×1500mm,一眼爱上的奢石，轻奢必备,"终于等到这款奢石了！

为了客厅的高级感，
挑了好久终于入手这款奢石。

—— 为什么选它 ——

✓ 奢石台面 + 金属底座
✓ 一桌提升整个空间格调
✓ 耐磨耐高温不怕烫
✓ 专属定制独一无二
✓ 轻奢质感拉满

📐 规格：2000×1500mm
🏷️ 材质：烧结石 / 天然奢石

—— 适用场景 ——

▸ 客厅
▸ 餐厅
▸ 玄关
▸ 书房
▸ 茶室
▸ 吧台

同款/其他花色可定制，
想要了解更多评论区扣「1」或私信～
",#奢石 #高级感装修 #烧结石 #背景墙 #别墅 #装修灵感
1398022,毕加索FL1080,slab,Picasso,2181×1636mm,别墅同款奢石｜一面墙封神,"终于等到这款奢石了！

做了很久背景墙功课，
看到这块奢石实景的瞬间，直接定下来。

—— 为什么选它 ——

✓ 一板到顶无缝拼接
✓ 耐高温防刮耐磨
✓ 天然纹理独一无二
✓ 抗污易清洁
✓ 不褪色抗UV

📐 规格：2181×1636mm
🏷️ 材质：烧结石 / 天然奢石

—— 适用场景 ——

▸ 客厅电视背景墙
▸ 沙发背景墙
▸ 餐厅背景墙
▸ 玄关背景
▸ 卫生间墙面
▸ 厨房台面

同款/其他花色可定制，
想要了解更多评论区扣「1」或私信～
",#奢石 #高级感装修 #烧结石 #背景墙 #别墅 #装修灵感
1457188,Y150B147+88B148 毕加索1500+880,furniture,Picasso,2000×1500mm,一眼爱上的奢石，轻奢必备,"终于等到这款奢石了！

为了客厅的高级感，
挑了好久终于入手这款奢石。

—— 为什么选它 ——

✓ 奢石台面 + 金属底座
✓ 一桌提升整个空间格调
✓ 耐磨耐高温不怕烫
✓ 专属定制独一无二
✓ 轻奢质感拉满

📐 规格：2000×1500mm
🏷️ 材质：烧结石 / 天然奢石

—— 适用场景 ——

▸ 客厅
▸ 餐厅
▸ 玄关
▸ 书房
▸ 茶室
▸ 吧台

同款/其他花色可定制，
想要了解更多评论区扣「1」或私信～
",#奢石 #高级感装修 #烧结石 #背景墙 #别墅 #装修灵感
1591489,毕加索FLS1080,slab,Picasso,2000×1500mm,颜值暴击！奢石大板实景分享,"终于等到这款奢石了！

做了很久背景墙功课，
看到这块奢石实景的瞬间，直接定下来。

—— 为什么选它 ——

✓ 一板到顶无缝拼接
✓ 耐高温防刮耐磨
✓ 天然纹理独一无二
✓ 抗污易清洁
✓ 不褪色抗UV

📐 规格：2000×1500mm
🏷️ 材质：烧结石 / 天然奢石

—— 适用场景 ——

▸ 客厅电视背景墙
▸ 沙发背景墙
▸ 餐厅背景墙
▸ 玄关背景
▸ 卫生间墙面
▸ 厨房台面

同款/其他花色可定制，
想要了解更多评论区扣「1」或私信～
",#奢石 #高级感装修 #烧结石 #背景墙 #别墅 #装修灵感
1405533,潘多拉1800X900,furniture,天然奢石,2000×1500mm,一眼爱上的天然奢石，轻奢必备,"终于等到这款天然奢石了！

为了客厅的高级感，
挑了好久终于入手这款天然奢石。

—— 为什么选它 ——

✓ 奢石台面 + 金属底座
✓ 一桌提升整个空间格调
✓ 耐磨耐高温不怕烫
✓ 专属定制独一无二
✓ 轻奢质感拉满

📐 规格：2000×1500mm
🏷️ 材质：烧结石 / 天然奢石

—— 适用场景 ——

▸ 客厅
▸ 餐厅
▸ 玄关
▸ 书房
▸ 茶室
▸ 吧台

同款/其他花色可定制，
想要了解更多评论区扣「1」或私信～
",#天然奢石 #奢石 #背景墙 #高级感 #别墅装修 #大自然
1407685,威尼斯棕1800X900,furniture,天然奢石,2000×1500mm,天然奢石｜提升客厅格调的秘密,"终于等到这款天然奢石了！

为了客厅的高级感，
挑了好久终于入手这款天然奢石。

—— 为什么选它 ——

✓ 奢石台面 + 金属底座
✓ 一桌提升整个空间格调
✓ 耐磨耐高温不怕烫
✓ 专属定制独一无二
✓ 轻奢质感拉满

📐 规格：2000×1500mm
🏷️ 材质：烧结石 / 天然奢石

—— 适用场景 ——

▸ 客厅
▸ 餐厅
▸ 玄关
▸ 书房
▸ 茶室
▸ 吧台

同款/其他花色可定制，
想要了解更多评论区扣「1」或私信～
",#天然奢石 #奢石 #背景墙 #高级感 #别墅装修 #大自然
1405531,四季绿1800X900,furniture,天然奢石,2000×1500mm,被邻居追着问的天然奢石！,"终于等到这款天然奢石了！

为了客厅的高级感，
挑了好久终于入手这款天然奢石。

—— 为什么选它 ——

✓ 奢石台面 + 金属底座
✓ 一桌提升整个空间格调
✓ 耐磨耐高温不怕烫
✓ 专属定制独一无二
✓ 轻奢质感拉满

📐 规格：2000×1500mm
🏷️ 材质：烧结石 / 天然奢石

—— 适用场景 ——

▸ 客厅
▸ 餐厅
▸ 玄关
▸ 书房
▸ 茶室
▸ 吧台

同款/其他花色可定制，
想要了解更多评论区扣「1」或私信～
",#天然奢石 #奢石 #背景墙 #高级感 #别墅装修 #大自然
1403920,雪山兰1800X900,furniture,天然奢石,2000×1500mm,天然奢石｜提升客厅格调的秘密,"终于等到这款天然奢石了！

为了客厅的高级感，
挑了好久终于入手这款天然奢石。

—— 为什么选它 ——

✓ 奢石台面 + 金属底座
✓ 一桌提升整个空间格调
✓ 耐磨耐高温不怕烫
✓ 专属定制独一无二
✓ 轻奢质感拉满

📐 规格：2000×1500mm
🏷️ 材质：烧结石 / 天然奢石

—— 适用场景 ——

▸ 客厅
▸ 餐厅
▸ 玄关
▸ 书房
▸ 茶室
▸ 吧台

同款/其他花色可定制，
想要了解更多评论区扣「1」或私信～
",#天然奢石 #奢石 #背景墙 #高级感 #别墅装修 #大自然
1406896,潘多拉1800X900,furniture,天然奢石,3024×4032mm,被邻居追着问的天然奢石！,"终于等到这款天然奢石了！

为了客厅的高级感，
挑了好久终于入手这款天然奢石。

—— 为什么选它 ——

✓ 奢石台面 + 金属底座
✓ 一桌提升整个空间格调
✓ 耐磨耐高温不怕烫
✓ 专属定制独一无二
✓ 轻奢质感拉满

📐 规格：3024×4032mm
🏷️ 材质：烧结石 / 天然奢石

—— 适用场景 ——

▸ 客厅
▸ 餐厅
▸ 玄关
▸ 书房
▸ 茶室
▸ 吧台

同款/其他花色可定制，
想要了解更多评论区扣「1」或私信～
",#天然奢石 #奢石 #背景墙 #高级感 #别墅装修 #大自然
1394276,黄金丝绸FL001614,slab,Golden Silk,2000×1500mm,被问疯了！奢石背景墙实景,"终于等到这款奢石了！

做了很久背景墙功课，
看到这块奢石实景的瞬间，直接定下来。

—— 为什么选它 ——

✓ 一板到顶无缝拼接
✓ 耐高温防刮耐磨
✓ 天然纹理独一无二
✓ 抗污易清洁
✓ 不褪色抗UV

📐 规格：2000×1500mm
🏷️ 材质：烧结石 / 天然奢石

—— 适用场景 ——

▸ 客厅电视背景墙
▸ 沙发背景墙
▸ 餐厅背景墙
▸ 玄关背景
▸ 卫生间墙面
▸ 厨房台面

同款/其他花色可定制，
想要了解更多评论区扣「1」或私信～
",#奢石 #高级感装修 #烧结石 #背景墙 #别墅 #装修灵感
1540408,Y135Y895+Y80Y896 黄金丝绸135+80,furniture,Golden Silk,2000×1500mm,一眼爱上的奢石，轻奢必备,"终于等到这款奢石了！

为了客厅的高级感，
挑了好久终于入手这款奢石。

—— 为什么选它 ——

✓ 奢石台面 + 金属底座
✓ 一桌提升整个空间格调
✓ 耐磨耐高温不怕烫
✓ 专属定制独一无二
✓ 轻奢质感拉满

📐 规格：2000×1500mm
🏷️ 材质：烧结石 / 天然奢石

—— 适用场景 ——

▸ 客厅
▸ 餐厅
▸ 玄关
▸ 书房
▸ 茶室
▸ 吧台

同款/其他花色可定制，
想要了解更多评论区扣「1」或私信～
",#奢石 #高级感装修 #烧结石 #背景墙 #别墅 #装修灵感
1427566,黄金丝绸,slab,Golden Silk,2000×1500mm,被问疯了！奢石背景墙实景,"终于等到这款奢石了！

做了很久背景墙功课，
看到这块奢石实景的瞬间，直接定下来。

—— 为什么选它 ——

✓ 一板到顶无缝拼接
✓ 耐高温防刮耐磨
✓ 天然纹理独一无二
✓ 抗污易清洁
✓ 不褪色抗UV

📐 规格：2000×1500mm
🏷️ 材质：烧结石 / 天然奢石

—— 适用场景 ——

▸ 客厅电视背景墙
▸ 沙发背景墙
▸ 餐厅背景墙
▸ 玄关背景
▸ 卫生间墙面
▸ 厨房台面

同款/其他花色可定制，
想要了解更多评论区扣「1」或私信～
",#奢石 #高级感装修 #烧结石 #背景墙 #别墅 #装修灵感
1553552,黄金丝绸,slab,Golden Silk,2000×1500mm,别墅同款奢石｜一面墙封神,"终于等到这款奢石了！

做了很久背景墙功课，
看到这块奢石实景的瞬间，直接定下来。

—— 为什么选它 ——

✓ 一板到顶无缝拼接
✓ 耐高温防刮耐磨
✓ 天然纹理独一无二
✓ 抗污易清洁
✓ 不褪色抗UV

📐 规格：2000×1500mm
🏷️ 材质：烧结石 / 天然奢石

—— 适用场景 ——

▸ 客厅电视背景墙
▸ 沙发背景墙
▸ 餐厅背景墙
▸ 玄关背景
▸ 卫生间墙面
▸ 厨房台面

同款/其他花色可定制，
想要了解更多评论区扣「1」或私信～
",#奢石 #高级感装修 #烧结石 #背景墙 #别墅 #装修灵感
1523980,黄金丝绸00164,slab,Golden Silk,2100×1576mm,奢石奢石｜客厅电视背景墙高级感天花板,"终于等到这款奢石了！

做了很久背景墙功课，
看到这块奢石实景的瞬间，直接定下来。

—— 为什么选它 ——

✓ 一板到顶无缝拼接
✓ 耐高温防刮耐磨
✓ 天然纹理独一无二
✓ 抗污易清洁
✓ 不褪色抗UV

📐 规格：2100×1576mm
🏷️ 材质：烧结石 / 天然奢石

—— 适用场景 ——

▸ 客厅电视背景墙
▸ 沙发背景墙
▸ 餐厅背景墙
▸ 玄关背景
▸ 卫生间墙面
▸ 厨房台面

同款/其他花色可定制，
想要了解更多评论区扣「1」或私信～
",#奢石 #高级感装修 #烧结石 #背景墙 #别墅 #装修灵感
1403946,祖母绿2000X1000,furniture,Emerald,2000×1500mm,被邻居追着问的奢石！,"终于等到这款奢石了！

为了客厅的高级感，
挑了好久终于入手这款奢石。

—— 为什么选它 ——

✓ 奢石台面 + 金属底座
✓ 一桌提升整个空间格调
✓ 耐磨耐高温不怕烫
✓ 专属定制独一无二
✓ 轻奢质感拉满

📐 规格：2000×1500mm
🏷️ 材质：烧结石 / 天然奢石

—— 适用场景 ——

▸ 客厅
▸ 餐厅
▸ 玄关
▸ 书房
▸ 茶室
▸ 吧台

同款/其他花色可定制，
想要了解更多评论区扣「1」或私信～
",#奢石 #高级感装修 #烧结石 #背景墙 #别墅 #装修灵感
1403949,祖母绿2000X1000,furniture,Emerald,2000×1500mm,奢石实拍｜高级感拿捏了,"终于等到这款奢石了！

为了客厅的高级感，
挑了好久终于入手这款奢石。

—— 为什么选它 ——

✓ 奢石台面 + 金属底座
✓ 一桌提升整个空间格调
✓ 耐磨耐高温不怕烫
✓ 专属定制独一无二
✓ 轻奢质感拉满

📐 规格：2000×1500mm
🏷️ 材质：烧结石 / 天然奢石

—— 适用场景 ——

▸ 客厅
▸ 餐厅
▸ 玄关
▸ 书房
▸ 茶室
▸ 吧台

同款/其他花色可定制，
想要了解更多评论区扣「1」或私信～
",#奢石 #高级感装修 #烧结石 #背景墙 #别墅 #装修灵感
1687358,祖母绿,slab,Emerald,2000×1500mm,奢石烧结石｜一板到顶无缝拼接,"终于等到这款奢石了！

做了很久背景墙功课，
看到这块奢石实景的瞬间，直接定下来。

—— 为什么选它 ——

✓ 一板到顶无缝拼接
✓ 耐高温防刮耐磨
✓ 天然纹理独一无二
✓ 抗污易清洁
✓ 不褪色抗UV

📐 规格：2000×1500mm
🏷️ 材质：烧结石 / 天然奢石

—— 适用场景 ——

▸ 客厅电视背景墙
▸ 沙发背景墙
▸ 餐厅背景墙
▸ 玄关背景
▸ 卫生间墙面
▸ 厨房台面

同款/其他花色可定制，
想要了解更多评论区扣「1」或私信～
",#奢石 #高级感装修 #烧结石 #背景墙 #别墅 #装修灵感
1794795,祖母绿100X100,furniture,Emerald,2000×1500mm,奢石｜提升客厅格调的秘密,"终于等到这款奢石了！

为了客厅的高级感，
挑了好久终于入手这款奢石。

—— 为什么选它 ——

✓ 奢石台面 + 金属底座
✓ 一桌提升整个空间格调
✓ 耐磨耐高温不怕烫
✓ 专属定制独一无二
✓ 轻奢质感拉满

📐 规格：2000×1500mm
🏷️ 材质：烧结石 / 天然奢石

—— 适用场景 ——

▸ 客厅
▸ 餐厅
▸ 玄关
▸ 书房
▸ 茶室
▸ 吧台

同款/其他花色可定制，
想要了解更多评论区扣「1」或私信～
",#奢石 #高级感装修 #烧结石 #背景墙 #别墅 #装修灵感
1524062,��母绿25722,slab,Emerald,2100×1576mm,别墅同款奢石｜一面墙封神,"终于等到这款奢石了！

做了很久背景墙功课，
看到这块奢石实景的瞬间，直接定下来。

—— 为什么选它 ——

✓ 一板到顶无缝拼接
✓ 耐高温防刮耐磨
✓ 天然纹理独一无二
✓ 抗污易清洁
✓ 不褪色抗UV

📐 规格：2100×1576mm
🏷️ 材质：烧结石 / 天然奢石

—— 适用场景 ——

▸ 客厅电视背景墙
▸ 沙发背景墙
▸ 餐厅背景墙
▸ 玄关背景
▸ 卫生间墙面
▸ 厨房台面

同款/其他花色可定制，
想要了解更多评论区扣「1」或私信～
",#奢石 #高级感装修 #烧结石 #背景墙 #别墅 #装修灵感
1400642,梦幻蓝宝150+90,furniture,Dream Blue,2000×1500mm,奢石推荐｜客厅颜值担当,"终于等到这款奢石了！

为了客厅的高级感，
挑了好久终于入手这款奢石。

—— 为什么选它 ——

✓ 奢石台面 + 金属底座
✓ 一桌提升整个空间格调
✓ 耐磨耐高温不怕烫
✓ 专属定制独一无二
✓ 轻奢质感拉满

📐 规格：2000×1500mm
🏷️ 材质：烧结石 / 天然奢石

—— 适用场景 ——

▸ 客厅
▸ 餐厅
▸ 玄关
▸ 书房
▸ 茶室
▸ 吧台

同款/其他花色可定制，
想要了解更多评论区扣「1」或私信～
",#奢石 #高级感装修 #烧结石 #背景墙 #别墅 #装修灵感
1427464,梦幻蓝宝12022,slab,Dream Blue,2000×1500mm,颜值暴击！奢石大板实景分享,"终于等到这款奢石了！

做了很久背景墙功课，
看到这块奢石实景的瞬间，直接定下来。

—— 为什么选它 ——

✓ 一板到顶无缝拼接
✓ 耐高温防刮耐磨
✓ 天然纹理独一无二
✓ 抗污易清洁
✓ 不褪色抗UV

📐 规格：2000×1500mm
🏷️ 材质：烧结石 / 天然奢石

—— 适用场景 ——

▸ 客厅电视背景墙
▸ 沙发背景墙
▸ 餐厅背景墙
▸ 玄关背景
▸ 卫生间墙面
▸ 厨房台面

同款/其他花色可定制，
想要了解更多评论区扣「1」或私信～
",#奢石 #高级感装修 #烧结石 #背景墙 #别墅 #装修灵感
1401048,梦幻蓝宝135+80,furniture,Dream Blue,2000×1500mm,一眼爱上的奢石，轻奢必备,"终于等到这款奢石了！

为了客厅的高级感，
挑了好久终于入手这款奢石。

—— 为什么选它 ——

✓ 奢石台面 + 金属底座
✓ 一桌提升整个空间格调
✓ 耐磨耐高温不怕烫
✓ 专属定制独一无二
✓ 轻奢质感拉满

📐 规格：2000×1500mm
🏷️ 材质：烧结石 / 天然奢石

—— 适用场景 ——

▸ 客厅
▸ 餐厅
▸ 玄关
▸ 书房
▸ 茶室
▸ 吧台

同款/其他花色可定制，
想要了解更多评论区扣「1」或私信～
",#奢石 #高级感装修 #烧结石 #背景墙 #别墅 #装修灵感
1578099,梦幻蓝宝1000X2000,furniture,Dream Blue,2000×1500mm,奢石实拍｜高级感拿捏了,"终于等到这款奢石了！

为了客厅的高级感，
挑了好久终于入手这款奢石。

—— 为什么选它 ——

✓ 奢石台面 + 金属底座
✓ 一桌提升整个空间格调
✓ 耐磨耐高温不怕烫
✓ 专属定制独一无二
✓ 轻奢质感拉满

📐 规格：2000×1500mm
🏷️ 材质：烧结石 / 天然奢石

—— 适用场景 ——

▸ 客厅
▸ 餐厅
▸ 玄关
▸ 书房
▸ 茶室
▸ 吧台

同款/其他花色可定制，
想要了解更多评论区扣「1」或私信～
",#奢石 #高级感装修 #烧结石 #背景墙 #别墅 #装修灵感
1555336,梦幻蓝宝,slab,Dream Blue,1702×1276mm,被问疯了！奢石背景墙实景,"终于等到这款奢石了！

做了很久背景墙功课，
看到这块奢石实景的瞬间，直接定下来。

—— 为什么选它 ——

✓ 一板到顶无缝拼接
✓ 耐高温防刮耐磨
✓ 天然纹理独一无二
✓ 抗污易清洁
✓ 不褪色抗UV

📐 规格：1702×1276mm
🏷️ 材质：烧结石 / 天然奢石

—— 适用场景 ——

▸ 客厅电视背景墙
▸ 沙发背景墙
▸ 餐厅背景墙
▸ 玄关背景
▸ 卫生间墙面
▸ 厨房台面

同款/其他花色可定制，
想要了解更多评论区扣「1」或私信～
",#奢石 #高级感装修 #烧结石 #背景墙 #别墅 #装修灵感
